Path,Label
./drive/MyDrive/IEEE/archive/Actor_09/03-01-01-01-02-02-09.wav,neutral
./drive/MyDrive/IEEE/archive/Actor_09/03-01-03-01-01-01-09.wav,happy
./drive/MyDrive/IEEE/archive/Actor_09/03-01-03-01-02-01-09.wav,happy
./drive/MyDrive/IEEE/archive/Actor_09/03-01-04-02-02-02-09.wav,sad
./drive/MyDrive/IEEE/archive/Actor_09/03-01-04-02-01-01-09.wav,sad
./drive/MyDrive/IEEE/archive/Actor_09/03-01-03-02-01-01-09.wav,happy
./drive/MyDrive/IEEE/archive/Actor_09/03-01-03-01-01-02-09.wav,happy
./drive/MyDrive/IEEE/archive/Actor_09/03-01-03-01-02-02-09.wav,happy
./drive/MyDrive/IEEE/archive/Actor_09/03-01-02-02-01-01-09.wav,calm
./drive/MyDrive/IEEE/archive/Actor_09/03-01-05-01-02-02-09.wav,angry
./drive/MyDrive/IEEE/archive/Actor_09/03-01-06-02-01-01-09.wav,fear
./drive/MyDrive/IEEE/archive/Actor_09/03-01-06-02-01-02-09.wav,fear
./drive/MyDrive/IEEE/archive/Actor_09/03-01-06-01-01-01-09.wav,fear
./drive/MyDrive/IEEE/archive/Actor_09/03-01-05-01-01-01-09.wav,angry
./drive/MyDrive/IEEE/archive/Actor_09/03-01-05-02-01-01-09.wav,angry
./drive/MyDrive/IEEE/archive/Actor_09/03-01-01-01-02-01-09.wav,neutral
./drive/MyDrive/IEEE/archive/Actor_09/03-01-03-02-02-02-09.wav,happy
./drive/MyDrive/IEEE/archive/Actor_09/03-01-03-02-01-02-09.wav,happy
./drive/MyDrive/IEEE/archive/Actor_09/03-01-06-01-02-01-09.wav,fear
./drive/MyDrive/IEEE/archive/Actor_09/03-01-06-01-02-02-09.wav,fear
./drive/MyDrive/IEEE/archive/Actor_09/03-01-01-01-01-02-09.wav,neutral
./drive/MyDrive/IEEE/archive/Actor_09/03-01-05-02-02-02-09.wav,angry
./drive/MyDrive/IEEE/archive/Actor_09/03-01-02-01-01-01-09.wav,calm
./drive/MyDrive/IEEE/archive/Actor_09/03-01-02-02-01-02-09.wav,calm
./drive/MyDrive/IEEE/archive/Actor_09/03-01-04-01-01-01-09.wav,sad
./drive/MyDrive/IEEE/archive/Actor_09/03-01-04-01-01-02-09.wav,sad
./drive/MyDrive/IEEE/archive/Actor_09/03-01-02-01-02-02-09.wav,calm
./drive/MyDrive/IEEE/archive/Actor_09/03-01-05-01-01-02-09.wav,angry
./drive/MyDrive/IEEE/archive/Actor_09/03-01-05-02-01-02-09.wav,angry
./drive/MyDrive/IEEE/archive/Actor_09/03-01-01-01-01-01-09.wav,neutral
./drive/MyDrive/IEEE/archive/Actor_09/03-01-05-01-02-01-09.wav,angry
./drive/MyDrive/IEEE/archive/Actor_09/03-01-02-02-02-01-09.wav,calm
./drive/MyDrive/IEEE/archive/Actor_09/03-01-06-01-01-02-09.wav,fear
./drive/MyDrive/IEEE/archive/Actor_09/03-01-04-01-02-02-09.wav,sad
./drive/MyDrive/IEEE/archive/Actor_09/03-01-02-01-01-02-09.wav,calm
./drive/MyDrive/IEEE/archive/Actor_09/03-01-04-02-01-02-09.wav,sad
./drive/MyDrive/IEEE/archive/Actor_09/03-01-04-01-02-01-09.wav,sad
./drive/MyDrive/IEEE/archive/Actor_09/03-01-05-02-02-01-09.wav,angry
./drive/MyDrive/IEEE/archive/Actor_09/03-01-03-02-02-01-09.wav,happy
./drive/MyDrive/IEEE/archive/Actor_09/03-01-02-01-02-01-09.wav,calm
./drive/MyDrive/IEEE/archive/Actor_09/03-01-04-02-02-01-09.wav,sad
./drive/MyDrive/IEEE/archive/Actor_09/03-01-02-02-02-02-09.wav,calm
./drive/MyDrive/IEEE/archive/Actor_09/03-01-06-02-02-01-09.wav,fear
./drive/MyDrive/IEEE/archive/Actor_09/03-01-08-01-01-01-09.wav,surprised
./drive/MyDrive/IEEE/archive/Actor_09/03-01-06-02-02-02-09.wav,fear
./drive/MyDrive/IEEE/archive/Actor_09/03-01-07-01-02-01-09.wav,disgust
./drive/MyDrive/IEEE/archive/Actor_09/03-01-08-01-01-02-09.wav,surprised
./drive/MyDrive/IEEE/archive/Actor_09/03-01-08-02-01-02-09.wav,surprised
./drive/MyDrive/IEEE/archive/Actor_09/03-01-08-01-02-02-09.wav,surprised
./drive/MyDrive/IEEE/archive/Actor_09/03-01-08-02-02-01-09.wav,surprised
./drive/MyDrive/IEEE/archive/Actor_09/03-01-07-01-01-02-09.wav,disgust
./drive/MyDrive/IEEE/archive/Actor_09/03-01-07-01-02-02-09.wav,disgust
./drive/MyDrive/IEEE/archive/Actor_09/03-01-07-01-01-01-09.wav,disgust
./drive/MyDrive/IEEE/archive/Actor_09/03-01-08-02-01-01-09.wav,surprised
./drive/MyDrive/IEEE/archive/Actor_09/03-01-07-02-01-01-09.wav,disgust
./drive/MyDrive/IEEE/archive/Actor_09/03-01-07-02-01-02-09.wav,disgust
./drive/MyDrive/IEEE/archive/Actor_09/03-01-08-01-02-01-09.wav,surprised
./drive/MyDrive/IEEE/archive/Actor_09/03-01-08-02-02-02-09.wav,surprised
./drive/MyDrive/IEEE/archive/Actor_09/03-01-07-02-02-01-09.wav,disgust
./drive/MyDrive/IEEE/archive/Actor_09/03-01-07-02-02-02-09.wav,disgust
./drive/MyDrive/IEEE/archive/Actor_23/03-01-04-01-02-02-23.wav,sad
./drive/MyDrive/IEEE/archive/Actor_23/03-01-02-02-02-01-23.wav,calm
./drive/MyDrive/IEEE/archive/Actor_23/03-01-05-01-01-02-23.wav,angry
./drive/MyDrive/IEEE/archive/Actor_23/03-01-01-01-02-01-23.wav,neutral
./drive/MyDrive/IEEE/archive/Actor_23/03-01-06-02-01-02-23.wav,fear
./drive/MyDrive/IEEE/archive/Actor_23/03-01-07-01-02-01-23.wav,disgust
./drive/MyDrive/IEEE/archive/Actor_23/03-01-04-02-02-02-23.wav,sad
./drive/MyDrive/IEEE/archive/Actor_23/03-01-07-01-01-01-23.wav,disgust
./drive/MyDrive/IEEE/archive/Actor_23/03-01-04-02-02-01-23.wav,sad
./drive/MyDrive/IEEE/archive/Actor_23/03-01-05-01-01-01-23.wav,angry
./drive/MyDrive/IEEE/archive/Actor_23/03-01-06-02-02-01-23.wav,fear
./drive/MyDrive/IEEE/archive/Actor_23/03-01-03-01-01-01-23.wav,happy
./drive/MyDrive/IEEE/archive/Actor_23/03-01-04-01-01-02-23.wav,sad
./drive/MyDrive/IEEE/archive/Actor_23/03-01-05-01-02-02-23.wav,angry
./drive/MyDrive/IEEE/archive/Actor_23/03-01-02-02-01-02-23.wav,calm
./drive/MyDrive/IEEE/archive/Actor_23/03-01-07-02-01-01-23.wav,disgust
./drive/MyDrive/IEEE/archive/Actor_23/03-01-06-01-01-02-23.wav,fear
./drive/MyDrive/IEEE/archive/Actor_23/03-01-07-02-02-01-23.wav,disgust
./drive/MyDrive/IEEE/archive/Actor_23/03-01-03-02-01-01-23.wav,happy
./drive/MyDrive/IEEE/archive/Actor_23/03-01-07-01-01-02-23.wav,disgust
./drive/MyDrive/IEEE/archive/Actor_23/03-01-02-01-01-01-23.wav,calm
./drive/MyDrive/IEEE/archive/Actor_23/03-01-05-02-01-01-23.wav,angry
./drive/MyDrive/IEEE/archive/Actor_23/03-01-02-01-02-01-23.wav,calm
./drive/MyDrive/IEEE/archive/Actor_23/03-01-05-02-02-01-23.wav,angry
./drive/MyDrive/IEEE/archive/Actor_23/03-01-03-02-02-01-23.wav,happy
./drive/MyDrive/IEEE/archive/Actor_23/03-01-04-01-02-01-23.wav,sad
./drive/MyDrive/IEEE/archive/Actor_23/03-01-03-01-01-02-23.wav,happy
./drive/MyDrive/IEEE/archive/Actor_23/03-01-06-01-02-01-23.wav,fear
./drive/MyDrive/IEEE/archive/Actor_23/03-01-07-01-02-02-23.wav,disgust
./drive/MyDrive/IEEE/archive/Actor_23/03-01-05-01-02-01-23.wav,angry
./drive/MyDrive/IEEE/archive/Actor_23/03-01-01-01-01-02-23.wav,neutral
./drive/MyDrive/IEEE/archive/Actor_23/03-01-02-02-01-01-23.wav,calm
./drive/MyDrive/IEEE/archive/Actor_23/03-01-03-01-02-01-23.wav,happy
./drive/MyDrive/IEEE/archive/Actor_23/03-01-06-02-01-01-23.wav,fear
./drive/MyDrive/IEEE/archive/Actor_23/03-01-06-01-01-01-23.wav,fear
./drive/MyDrive/IEEE/archive/Actor_23/03-01-06-02-02-02-23.wav,fear
./drive/MyDrive/IEEE/archive/Actor_23/03-01-03-02-01-02-23.wav,happy
./drive/MyDrive/IEEE/archive/Actor_23/03-01-04-02-01-02-23.wav,sad
./drive/MyDrive/IEEE/archive/Actor_23/03-01-05-02-01-02-23.wav,angry
./drive/MyDrive/IEEE/archive/Actor_23/03-01-06-01-02-02-23.wav,fear
./drive/MyDrive/IEEE/archive/Actor_23/03-01-01-01-02-02-23.wav,neutral
./drive/MyDrive/IEEE/archive/Actor_23/03-01-04-02-01-01-23.wav,sad
./drive/MyDrive/IEEE/archive/Actor_23/03-01-03-02-02-02-23.wav,happy
./drive/MyDrive/IEEE/archive/Actor_23/03-01-01-01-01-01-23.wav,neutral
./drive/MyDrive/IEEE/archive/Actor_23/03-01-02-02-02-02-23.wav,calm
./drive/MyDrive/IEEE/archive/Actor_23/03-01-04-01-01-01-23.wav,sad
./drive/MyDrive/IEEE/archive/Actor_23/03-01-02-01-01-02-23.wav,calm
./drive/MyDrive/IEEE/archive/Actor_23/03-01-03-01-02-02-23.wav,happy
./drive/MyDrive/IEEE/archive/Actor_23/03-01-07-02-01-02-23.wav,disgust
./drive/MyDrive/IEEE/archive/Actor_23/03-01-05-02-02-02-23.wav,angry
./drive/MyDrive/IEEE/archive/Actor_23/03-01-02-01-02-02-23.wav,calm
./drive/MyDrive/IEEE/archive/Actor_23/03-01-08-01-01-01-23.wav,surprised
./drive/MyDrive/IEEE/archive/Actor_23/03-01-08-01-02-02-23.wav,surprised
./drive/MyDrive/IEEE/archive/Actor_23/03-01-07-02-02-02-23.wav,disgust
./drive/MyDrive/IEEE/archive/Actor_23/03-01-08-01-01-02-23.wav,surprised
./drive/MyDrive/IEEE/archive/Actor_23/03-01-08-02-02-02-23.wav,surprised
./drive/MyDrive/IEEE/archive/Actor_23/03-01-08-02-01-02-23.wav,surprised
./drive/MyDrive/IEEE/archive/Actor_23/03-01-08-02-01-01-23.wav,surprised
./drive/MyDrive/IEEE/archive/Actor_23/03-01-08-01-02-01-23.wav,surprised
./drive/MyDrive/IEEE/archive/Actor_23/03-01-08-02-02-01-23.wav,surprised
./drive/MyDrive/IEEE/archive/Actor_18/03-01-03-02-02-02-18.wav,happy
./drive/MyDrive/IEEE/archive/Actor_18/03-01-03-01-02-02-18.wav,happy
./drive/MyDrive/IEEE/archive/Actor_18/03-01-04-01-01-02-18.wav,sad
./drive/MyDrive/IEEE/archive/Actor_18/03-01-03-02-01-01-18.wav,happy
./drive/MyDrive/IEEE/archive/Actor_18/03-01-01-01-01-02-18.wav,neutral
./drive/MyDrive/IEEE/archive/Actor_18/03-01-01-01-02-01-18.wav,neutral
./drive/MyDrive/IEEE/archive/Actor_18/03-01-02-01-02-02-18.wav,calm
./drive/MyDrive/IEEE/archive/Actor_18/03-01-04-02-01-01-18.wav,sad
./drive/MyDrive/IEEE/archive/Actor_18/03-01-02-01-02-01-18.wav,calm
./drive/MyDrive/IEEE/archive/Actor_18/03-01-03-02-01-02-18.wav,happy
./drive/MyDrive/IEEE/archive/Actor_18/03-01-03-01-02-01-18.wav,happy
./drive/MyDrive/IEEE/archive/Actor_18/03-01-02-01-01-01-18.wav,calm
./drive/MyDrive/IEEE/archive/Actor_18/03-01-02-01-01-02-18.wav,calm
./drive/MyDrive/IEEE/archive/Actor_18/03-01-04-02-01-02-18.wav,sad
./drive/MyDrive/IEEE/archive/Actor_18/03-01-03-01-01-02-18.wav,happy
./drive/MyDrive/IEEE/archive/Actor_18/03-01-02-02-01-01-18.wav,calm
./drive/MyDrive/IEEE/archive/Actor_18/03-01-02-02-01-02-18.wav,calm
./drive/MyDrive/IEEE/archive/Actor_18/03-01-01-01-02-02-18.wav,neutral
./drive/MyDrive/IEEE/archive/Actor_18/03-01-03-01-01-01-18.wav,happy
./drive/MyDrive/IEEE/archive/Actor_18/03-01-02-02-02-02-18.wav,calm
./drive/MyDrive/IEEE/archive/Actor_18/03-01-02-02-02-01-18.wav,calm
./drive/MyDrive/IEEE/archive/Actor_18/03-01-03-02-02-01-18.wav,happy
./drive/MyDrive/IEEE/archive/Actor_18/03-01-04-01-02-02-18.wav,sad
./drive/MyDrive/IEEE/archive/Actor_18/03-01-04-01-01-01-18.wav,sad
./drive/MyDrive/IEEE/archive/Actor_18/03-01-04-01-02-01-18.wav,sad
./drive/MyDrive/IEEE/archive/Actor_18/03-01-01-01-01-01-18.wav,neutral
./drive/MyDrive/IEEE/archive/Actor_18/03-01-08-02-01-01-18.wav,surprised
./drive/MyDrive/IEEE/archive/Actor_18/03-01-06-01-02-01-18.wav,fear
./drive/MyDrive/IEEE/archive/Actor_18/03-01-08-02-02-01-18.wav,surprised
./drive/MyDrive/IEEE/archive/Actor_18/03-01-05-01-01-01-18.wav,angry
./drive/MyDrive/IEEE/archive/Actor_18/03-01-05-02-02-01-18.wav,angry
./drive/MyDrive/IEEE/archive/Actor_18/03-01-07-02-01-02-18.wav,disgust
./drive/MyDrive/IEEE/archive/Actor_18/03-01-06-02-01-01-18.wav,fear
./drive/MyDrive/IEEE/archive/Actor_18/03-01-04-02-02-02-18.wav,sad
./drive/MyDrive/IEEE/archive/Actor_18/03-01-06-01-02-02-18.wav,fear
./drive/MyDrive/IEEE/archive/Actor_18/03-01-06-01-01-02-18.wav,fear
./drive/MyDrive/IEEE/archive/Actor_18/03-01-08-01-02-02-18.wav,surprised
./drive/MyDrive/IEEE/archive/Actor_18/03-01-07-01-01-01-18.wav,disgust
./drive/MyDrive/IEEE/archive/Actor_18/03-01-07-01-02-02-18.wav,disgust
./drive/MyDrive/IEEE/archive/Actor_18/03-01-07-02-01-01-18.wav,disgust
./drive/MyDrive/IEEE/archive/Actor_18/03-01-05-02-01-02-18.wav,angry
./drive/MyDrive/IEEE/archive/Actor_18/03-01-05-01-01-02-18.wav,angry
./drive/MyDrive/IEEE/archive/Actor_18/03-01-06-01-01-01-18.wav,fear
./drive/MyDrive/IEEE/archive/Actor_18/03-01-05-01-02-01-18.wav,angry
./drive/MyDrive/IEEE/archive/Actor_18/03-01-07-02-02-02-18.wav,disgust
./drive/MyDrive/IEEE/archive/Actor_18/03-01-06-02-02-01-18.wav,fear
./drive/MyDrive/IEEE/archive/Actor_18/03-01-05-01-02-02-18.wav,angry
./drive/MyDrive/IEEE/archive/Actor_18/03-01-07-01-02-01-18.wav,disgust
./drive/MyDrive/IEEE/archive/Actor_18/03-01-08-02-02-02-18.wav,surprised
./drive/MyDrive/IEEE/archive/Actor_18/03-01-08-01-02-01-18.wav,surprised
./drive/MyDrive/IEEE/archive/Actor_18/03-01-06-02-01-02-18.wav,fear
./drive/MyDrive/IEEE/archive/Actor_18/03-01-04-02-02-01-18.wav,sad
./drive/MyDrive/IEEE/archive/Actor_18/03-01-08-02-01-02-18.wav,surprised
./drive/MyDrive/IEEE/archive/Actor_18/03-01-08-01-01-02-18.wav,surprised
./drive/MyDrive/IEEE/archive/Actor_18/03-01-06-02-02-02-18.wav,fear
./drive/MyDrive/IEEE/archive/Actor_18/03-01-07-01-01-02-18.wav,disgust
./drive/MyDrive/IEEE/archive/Actor_18/03-01-07-02-02-01-18.wav,disgust
./drive/MyDrive/IEEE/archive/Actor_18/03-01-05-02-01-01-18.wav,angry
./drive/MyDrive/IEEE/archive/Actor_18/03-01-08-01-01-01-18.wav,surprised
./drive/MyDrive/IEEE/archive/Actor_18/03-01-05-02-02-02-18.wav,angry
./drive/MyDrive/IEEE/archive/Actor_08/03-01-03-01-02-02-08.wav,happy
./drive/MyDrive/IEEE/archive/Actor_08/03-01-04-02-01-02-08.wav,sad
./drive/MyDrive/IEEE/archive/Actor_08/03-01-05-01-02-01-08.wav,angry
./drive/MyDrive/IEEE/archive/Actor_08/03-01-05-01-01-02-08.wav,angry
./drive/MyDrive/IEEE/archive/Actor_08/03-01-02-01-01-02-08.wav,calm
./drive/MyDrive/IEEE/archive/Actor_08/03-01-06-02-01-01-08.wav,fear
./drive/MyDrive/IEEE/archive/Actor_08/03-01-02-02-02-01-08.wav,calm
./drive/MyDrive/IEEE/archive/Actor_08/03-01-04-02-02-02-08.wav,sad
./drive/MyDrive/IEEE/archive/Actor_08/03-01-02-01-02-02-08.wav,calm
./drive/MyDrive/IEEE/archive/Actor_08/03-01-07-01-02-01-08.wav,disgust
./drive/MyDrive/IEEE/archive/Actor_08/03-01-05-02-02-01-08.wav,angry
./drive/MyDrive/IEEE/archive/Actor_08/03-01-04-01-01-02-08.wav,sad
./drive/MyDrive/IEEE/archive/Actor_08/03-01-02-01-01-01-08.wav,calm
./drive/MyDrive/IEEE/archive/Actor_08/03-01-04-01-02-01-08.wav,sad
./drive/MyDrive/IEEE/archive/Actor_08/03-01-04-01-02-02-08.wav,sad
./drive/MyDrive/IEEE/archive/Actor_08/03-01-02-02-02-02-08.wav,calm
./drive/MyDrive/IEEE/archive/Actor_08/03-01-05-02-01-01-08.wav,angry
./drive/MyDrive/IEEE/archive/Actor_08/03-01-01-01-02-01-08.wav,neutral
./drive/MyDrive/IEEE/archive/Actor_08/03-01-06-01-02-02-08.wav,fear
./drive/MyDrive/IEEE/archive/Actor_08/03-01-02-01-02-01-08.wav,calm
./drive/MyDrive/IEEE/archive/Actor_08/03-01-07-01-02-02-08.wav,disgust
./drive/MyDrive/IEEE/archive/Actor_08/03-01-06-02-01-02-08.wav,fear
./drive/MyDrive/IEEE/archive/Actor_08/03-01-01-01-02-02-08.wav,neutral
./drive/MyDrive/IEEE/archive/Actor_08/03-01-04-01-01-01-08.wav,sad
./drive/MyDrive/IEEE/archive/Actor_08/03-01-03-02-01-02-08.wav,happy
./drive/MyDrive/IEEE/archive/Actor_08/03-01-03-01-01-01-08.wav,happy
./drive/MyDrive/IEEE/archive/Actor_08/03-01-02-02-01-02-08.wav,calm
./drive/MyDrive/IEEE/archive/Actor_08/03-01-07-01-01-02-08.wav,disgust
./drive/MyDrive/IEEE/archive/Actor_08/03-01-05-01-01-01-08.wav,angry
./drive/MyDrive/IEEE/archive/Actor_08/03-01-02-02-01-01-08.wav,calm
./drive/MyDrive/IEEE/archive/Actor_08/03-01-05-02-01-02-08.wav,angry
./drive/MyDrive/IEEE/archive/Actor_08/03-01-05-01-02-02-08.wav,angry
./drive/MyDrive/IEEE/archive/Actor_08/03-01-06-01-02-01-08.wav,fear
./drive/MyDrive/IEEE/archive/Actor_08/03-01-05-02-02-02-08.wav,angry
./drive/MyDrive/IEEE/archive/Actor_08/03-01-03-01-02-01-08.wav,happy
./drive/MyDrive/IEEE/archive/Actor_08/03-01-07-01-01-01-08.wav,disgust
./drive/MyDrive/IEEE/archive/Actor_08/03-01-04-02-01-01-08.wav,sad
./drive/MyDrive/IEEE/archive/Actor_08/03-01-03-02-02-01-08.wav,happy
./drive/MyDrive/IEEE/archive/Actor_08/03-01-06-02-02-02-08.wav,fear
./drive/MyDrive/IEEE/archive/Actor_08/03-01-01-01-01-02-08.wav,neutral
./drive/MyDrive/IEEE/archive/Actor_08/03-01-06-01-01-01-08.wav,fear
./drive/MyDrive/IEEE/archive/Actor_08/03-01-06-01-01-02-08.wav,fear
./drive/MyDrive/IEEE/archive/Actor_08/03-01-03-02-02-02-08.wav,happy
./drive/MyDrive/IEEE/archive/Actor_08/03-01-04-02-02-01-08.wav,sad
./drive/MyDrive/IEEE/archive/Actor_08/03-01-03-02-01-01-08.wav,happy
./drive/MyDrive/IEEE/archive/Actor_08/03-01-03-01-01-02-08.wav,happy
./drive/MyDrive/IEEE/archive/Actor_08/03-01-06-02-02-01-08.wav,fear
./drive/MyDrive/IEEE/archive/Actor_08/03-01-01-01-01-01-08.wav,neutral
./drive/MyDrive/IEEE/archive/Actor_08/03-01-08-02-01-01-08.wav,surprised
./drive/MyDrive/IEEE/archive/Actor_08/03-01-08-01-01-01-08.wav,surprised
./drive/MyDrive/IEEE/archive/Actor_08/03-01-08-01-02-02-08.wav,surprised
./drive/MyDrive/IEEE/archive/Actor_08/03-01-08-01-01-02-08.wav,surprised
./drive/MyDrive/IEEE/archive/Actor_08/03-01-08-02-02-01-08.wav,surprised
./drive/MyDrive/IEEE/archive/Actor_08/03-01-07-02-01-02-08.wav,disgust
./drive/MyDrive/IEEE/archive/Actor_08/03-01-08-01-02-01-08.wav,surprised
./drive/MyDrive/IEEE/archive/Actor_08/03-01-08-02-01-02-08.wav,surprised
./drive/MyDrive/IEEE/archive/Actor_08/03-01-07-02-02-01-08.wav,disgust
./drive/MyDrive/IEEE/archive/Actor_08/03-01-08-02-02-02-08.wav,surprised
./drive/MyDrive/IEEE/archive/Actor_08/03-01-07-02-01-01-08.wav,disgust
./drive/MyDrive/IEEE/archive/Actor_08/03-01-07-02-02-02-08.wav,disgust
./drive/MyDrive/IEEE/archive/Actor_20/03-01-02-02-02-02-20.wav,calm
./drive/MyDrive/IEEE/archive/Actor_20/03-01-01-01-01-01-20.wav,neutral
./drive/MyDrive/IEEE/archive/Actor_20/03-01-02-02-01-01-20.wav,calm
./drive/MyDrive/IEEE/archive/Actor_20/03-01-02-01-02-01-20.wav,calm
./drive/MyDrive/IEEE/archive/Actor_20/03-01-02-02-01-02-20.wav,calm
./drive/MyDrive/IEEE/archive/Actor_20/03-01-01-01-02-02-20.wav,neutral
./drive/MyDrive/IEEE/archive/Actor_20/03-01-02-01-02-02-20.wav,calm
./drive/MyDrive/IEEE/archive/Actor_20/03-01-03-01-01-01-20.wav,happy
./drive/MyDrive/IEEE/archive/Actor_20/03-01-02-01-01-01-20.wav,calm
./drive/MyDrive/IEEE/archive/Actor_20/03-01-02-02-02-01-20.wav,calm
./drive/MyDrive/IEEE/archive/Actor_20/03-01-02-01-01-02-20.wav,calm
./drive/MyDrive/IEEE/archive/Actor_20/03-01-01-01-01-02-20.wav,neutral
./drive/MyDrive/IEEE/archive/Actor_20/03-01-01-01-02-01-20.wav,neutral
./drive/MyDrive/IEEE/archive/Actor_20/03-01-03-01-02-02-20.wav,happy
./drive/MyDrive/IEEE/archive/Actor_20/03-01-06-02-02-01-20.wav,fear
./drive/MyDrive/IEEE/archive/Actor_20/03-01-06-01-02-02-20.wav,fear
./drive/MyDrive/IEEE/archive/Actor_20/03-01-04-02-01-01-20.wav,sad
./drive/MyDrive/IEEE/archive/Actor_20/03-01-07-01-01-02-20.wav,disgust
./drive/MyDrive/IEEE/archive/Actor_20/03-01-08-01-02-02-20.wav,surprised
./drive/MyDrive/IEEE/archive/Actor_20/03-01-07-02-01-01-20.wav,disgust
./drive/MyDrive/IEEE/archive/Actor_20/03-01-05-02-02-02-20.wav,angry
./drive/MyDrive/IEEE/archive/Actor_20/03-01-07-01-01-01-20.wav,disgust
./drive/MyDrive/IEEE/archive/Actor_20/03-01-04-01-02-02-20.wav,sad
./drive/MyDrive/IEEE/archive/Actor_20/03-01-05-02-02-01-20.wav,angry
./drive/MyDrive/IEEE/archive/Actor_20/03-01-03-01-01-02-20.wav,happy
./drive/MyDrive/IEEE/archive/Actor_20/03-01-08-01-01-02-20.wav,surprised
./drive/MyDrive/IEEE/archive/Actor_20/03-01-04-02-02-01-20.wav,sad
./drive/MyDrive/IEEE/archive/Actor_20/03-01-07-02-02-01-20.wav,disgust
./drive/MyDrive/IEEE/archive/Actor_20/03-01-03-02-02-02-20.wav,happy
./drive/MyDrive/IEEE/archive/Actor_20/03-01-08-01-02-01-20.wav,surprised
./drive/MyDrive/IEEE/archive/Actor_20/03-01-04-02-01-02-20.wav,sad
./drive/MyDrive/IEEE/archive/Actor_20/03-01-08-02-01-02-20.wav,surprised
./drive/MyDrive/IEEE/archive/Actor_20/03-01-07-02-01-02-20.wav,disgust
./drive/MyDrive/IEEE/archive/Actor_20/03-01-05-02-01-02-20.wav,angry
./drive/MyDrive/IEEE/archive/Actor_20/03-01-06-02-01-01-20.wav,fear
./drive/MyDrive/IEEE/archive/Actor_20/03-01-07-01-02-01-20.wav,disgust
./drive/MyDrive/IEEE/archive/Actor_20/03-01-05-01-01-02-20.wav,angry
./drive/MyDrive/IEEE/archive/Actor_20/03-01-05-01-02-02-20.wav,angry
./drive/MyDrive/IEEE/archive/Actor_20/03-01-07-02-02-02-20.wav,disgust
./drive/MyDrive/IEEE/archive/Actor_20/03-01-06-01-01-02-20.wav,fear
./drive/MyDrive/IEEE/archive/Actor_20/03-01-03-01-02-01-20.wav,happy
./drive/MyDrive/IEEE/archive/Actor_20/03-01-07-01-02-02-20.wav,disgust
./drive/MyDrive/IEEE/archive/Actor_20/03-01-06-02-01-02-20.wav,fear
./drive/MyDrive/IEEE/archive/Actor_20/03-01-08-02-02-01-20.wav,surprised
./drive/MyDrive/IEEE/archive/Actor_20/03-01-08-02-01-01-20.wav,surprised
./drive/MyDrive/IEEE/archive/Actor_20/03-01-04-01-01-01-20.wav,sad
./drive/MyDrive/IEEE/archive/Actor_20/03-01-05-02-01-01-20.wav,angry
./drive/MyDrive/IEEE/archive/Actor_20/03-01-05-01-02-01-20.wav,angry
./drive/MyDrive/IEEE/archive/Actor_20/03-01-04-01-02-01-20.wav,sad
./drive/MyDrive/IEEE/archive/Actor_20/03-01-03-02-02-01-20.wav,happy
./drive/MyDrive/IEEE/archive/Actor_20/03-01-06-01-01-01-20.wav,fear
./drive/MyDrive/IEEE/archive/Actor_20/03-01-03-02-01-01-20.wav,happy
./drive/MyDrive/IEEE/archive/Actor_20/03-01-08-02-02-02-20.wav,surprised
./drive/MyDrive/IEEE/archive/Actor_20/03-01-04-01-01-02-20.wav,sad
./drive/MyDrive/IEEE/archive/Actor_20/03-01-05-01-01-01-20.wav,angry
./drive/MyDrive/IEEE/archive/Actor_20/03-01-08-01-01-01-20.wav,surprised
./drive/MyDrive/IEEE/archive/Actor_20/03-01-06-02-02-02-20.wav,fear
./drive/MyDrive/IEEE/archive/Actor_20/03-01-03-02-01-02-20.wav,happy
./drive/MyDrive/IEEE/archive/Actor_20/03-01-04-02-02-02-20.wav,sad
./drive/MyDrive/IEEE/archive/Actor_20/03-01-06-01-02-01-20.wav,fear
./drive/MyDrive/IEEE/archive/Actor_21/03-01-01-01-01-01-21.wav,neutral
./drive/MyDrive/IEEE/archive/Actor_21/03-01-01-01-02-01-21.wav,neutral
./drive/MyDrive/IEEE/archive/Actor_21/03-01-02-01-01-02-21.wav,calm
./drive/MyDrive/IEEE/archive/Actor_21/03-01-01-01-02-02-21.wav,neutral
./drive/MyDrive/IEEE/archive/Actor_21/03-01-01-01-01-02-21.wav,neutral
./drive/MyDrive/IEEE/archive/Actor_21/03-01-02-01-02-01-21.wav,calm
./drive/MyDrive/IEEE/archive/Actor_21/03-01-02-01-01-01-21.wav,calm
./drive/MyDrive/IEEE/archive/Actor_21/03-01-05-01-01-02-21.wav,angry
./drive/MyDrive/IEEE/archive/Actor_21/03-01-04-02-02-02-21.wav,sad
./drive/MyDrive/IEEE/archive/Actor_21/03-01-03-02-02-02-21.wav,happy
./drive/MyDrive/IEEE/archive/Actor_21/03-01-07-02-02-02-21.wav,disgust
./drive/MyDrive/IEEE/archive/Actor_21/03-01-03-01-01-02-21.wav,happy
./drive/MyDrive/IEEE/archive/Actor_21/03-01-06-02-02-02-21.wav,fear
./drive/MyDrive/IEEE/archive/Actor_21/03-01-04-02-01-02-21.wav,sad
./drive/MyDrive/IEEE/archive/Actor_21/03-01-08-01-02-02-21.wav,surprised
./drive/MyDrive/IEEE/archive/Actor_21/03-01-02-02-02-02-21.wav,calm
./drive/MyDrive/IEEE/archive/Actor_21/03-01-07-02-02-01-21.wav,disgust
./drive/MyDrive/IEEE/archive/Actor_21/03-01-08-01-01-01-21.wav,surprised
./drive/MyDrive/IEEE/archive/Actor_21/03-01-02-02-02-01-21.wav,calm
./drive/MyDrive/IEEE/archive/Actor_21/03-01-03-01-02-02-21.wav,happy
./drive/MyDrive/IEEE/archive/Actor_21/03-01-02-01-02-02-21.wav,calm
./drive/MyDrive/IEEE/archive/Actor_21/03-01-06-01-02-02-21.wav,fear
./drive/MyDrive/IEEE/archive/Actor_21/03-01-05-02-01-02-21.wav,angry
./drive/MyDrive/IEEE/archive/Actor_21/03-01-07-01-01-02-21.wav,disgust
./drive/MyDrive/IEEE/archive/Actor_21/03-01-03-02-01-01-21.wav,happy
./drive/MyDrive/IEEE/archive/Actor_21/03-01-08-02-01-02-21.wav,surprised
./drive/MyDrive/IEEE/archive/Actor_21/03-01-05-01-02-02-21.wav,angry
./drive/MyDrive/IEEE/archive/Actor_21/03-01-04-01-02-02-21.wav,sad
./drive/MyDrive/IEEE/archive/Actor_21/03-01-05-02-01-01-21.wav,angry
./drive/MyDrive/IEEE/archive/Actor_21/03-01-04-02-02-01-21.wav,sad
./drive/MyDrive/IEEE/archive/Actor_21/03-01-05-01-02-01-21.wav,angry
./drive/MyDrive/IEEE/archive/Actor_21/03-01-05-01-01-01-21.wav,angry
./drive/MyDrive/IEEE/archive/Actor_21/03-01-06-02-02-01-21.wav,fear
./drive/MyDrive/IEEE/archive/Actor_21/03-01-05-02-02-02-21.wav,angry
./drive/MyDrive/IEEE/archive/Actor_21/03-01-07-01-02-01-21.wav,disgust
./drive/MyDrive/IEEE/archive/Actor_21/03-01-07-02-01-02-21.wav,disgust
./drive/MyDrive/IEEE/archive/Actor_21/03-01-07-01-01-01-21.wav,disgust
./drive/MyDrive/IEEE/archive/Actor_21/03-01-06-01-01-02-21.wav,fear
./drive/MyDrive/IEEE/archive/Actor_21/03-01-03-02-02-01-21.wav,happy
./drive/MyDrive/IEEE/archive/Actor_21/03-01-05-02-02-01-21.wav,angry
./drive/MyDrive/IEEE/archive/Actor_21/03-01-03-02-01-02-21.wav,happy
./drive/MyDrive/IEEE/archive/Actor_21/03-01-06-02-01-01-21.wav,fear
./drive/MyDrive/IEEE/archive/Actor_21/03-01-08-01-01-02-21.wav,surprised
./drive/MyDrive/IEEE/archive/Actor_21/03-01-08-02-01-01-21.wav,surprised
./drive/MyDrive/IEEE/archive/Actor_21/03-01-03-01-02-01-21.wav,happy
./drive/MyDrive/IEEE/archive/Actor_21/03-01-02-02-01-02-21.wav,calm
./drive/MyDrive/IEEE/archive/Actor_21/03-01-04-02-01-01-21.wav,sad
./drive/MyDrive/IEEE/archive/Actor_21/03-01-02-02-01-01-21.wav,calm
./drive/MyDrive/IEEE/archive/Actor_21/03-01-06-01-02-01-21.wav,fear
./drive/MyDrive/IEEE/archive/Actor_21/03-01-04-01-02-01-21.wav,sad
./drive/MyDrive/IEEE/archive/Actor_21/03-01-04-01-01-02-21.wav,sad
./drive/MyDrive/IEEE/archive/Actor_21/03-01-06-02-01-02-21.wav,fear
./drive/MyDrive/IEEE/archive/Actor_21/03-01-07-01-02-02-21.wav,disgust
./drive/MyDrive/IEEE/archive/Actor_21/03-01-03-01-01-01-21.wav,happy
./drive/MyDrive/IEEE/archive/Actor_21/03-01-07-02-01-01-21.wav,disgust
./drive/MyDrive/IEEE/archive/Actor_21/03-01-06-01-01-01-21.wav,fear
./drive/MyDrive/IEEE/archive/Actor_21/03-01-08-01-02-01-21.wav,surprised
./drive/MyDrive/IEEE/archive/Actor_21/03-01-04-01-01-01-21.wav,sad
./drive/MyDrive/IEEE/archive/Actor_21/03-01-08-02-02-01-21.wav,surprised
./drive/MyDrive/IEEE/archive/Actor_21/03-01-08-02-02-02-21.wav,surprised
./drive/MyDrive/IEEE/archive/Actor_16/03-01-04-01-01-02-16.wav,sad
./drive/MyDrive/IEEE/archive/Actor_16/03-01-05-02-01-01-16.wav,angry
./drive/MyDrive/IEEE/archive/Actor_16/03-01-03-01-02-02-16.wav,happy
./drive/MyDrive/IEEE/archive/Actor_16/03-01-02-02-02-02-16.wav,calm
./drive/MyDrive/IEEE/archive/Actor_16/03-01-02-02-01-02-16.wav,calm
./drive/MyDrive/IEEE/archive/Actor_16/03-01-03-01-01-02-16.wav,happy
./drive/MyDrive/IEEE/archive/Actor_16/03-01-03-02-02-01-16.wav,happy
./drive/MyDrive/IEEE/archive/Actor_16/03-01-06-01-02-02-16.wav,fear
./drive/MyDrive/IEEE/archive/Actor_16/03-01-04-01-01-01-16.wav,sad
./drive/MyDrive/IEEE/archive/Actor_16/03-01-04-02-01-01-16.wav,sad
./drive/MyDrive/IEEE/archive/Actor_16/03-01-05-02-02-01-16.wav,angry
./drive/MyDrive/IEEE/archive/Actor_16/03-01-04-02-02-01-16.wav,sad
./drive/MyDrive/IEEE/archive/Actor_16/03-01-02-02-01-01-16.wav,calm
./drive/MyDrive/IEEE/archive/Actor_16/03-01-02-01-02-02-16.wav,calm
./drive/MyDrive/IEEE/archive/Actor_16/03-01-03-01-01-01-16.wav,happy
./drive/MyDrive/IEEE/archive/Actor_16/03-01-04-01-02-01-16.wav,sad
./drive/MyDrive/IEEE/archive/Actor_16/03-01-01-01-02-02-16.wav,neutral
./drive/MyDrive/IEEE/archive/Actor_16/03-01-03-02-01-01-16.wav,happy
./drive/MyDrive/IEEE/archive/Actor_16/03-01-02-01-02-01-16.wav,calm
./drive/MyDrive/IEEE/archive/Actor_16/03-01-04-02-01-02-16.wav,sad
./drive/MyDrive/IEEE/archive/Actor_16/03-01-06-02-01-01-16.wav,fear
./drive/MyDrive/IEEE/archive/Actor_16/03-01-03-01-02-01-16.wav,happy
./drive/MyDrive/IEEE/archive/Actor_16/03-01-01-01-02-01-16.wav,neutral
./drive/MyDrive/IEEE/archive/Actor_16/03-01-05-01-01-01-16.wav,angry
./drive/MyDrive/IEEE/archive/Actor_16/03-01-04-02-02-02-16.wav,sad
./drive/MyDrive/IEEE/archive/Actor_16/03-01-03-02-02-02-16.wav,happy
./drive/MyDrive/IEEE/archive/Actor_16/03-01-02-01-01-01-16.wav,calm
./drive/MyDrive/IEEE/archive/Actor_16/03-01-06-01-01-01-16.wav,fear
./drive/MyDrive/IEEE/archive/Actor_16/03-01-01-01-01-01-16.wav,neutral
./drive/MyDrive/IEEE/archive/Actor_16/03-01-01-01-01-02-16.wav,neutral
./drive/MyDrive/IEEE/archive/Actor_16/03-01-06-01-02-01-16.wav,fear
./drive/MyDrive/IEEE/archive/Actor_16/03-01-02-02-02-01-16.wav,calm
./drive/MyDrive/IEEE/archive/Actor_16/03-01-06-01-01-02-16.wav,fear
./drive/MyDrive/IEEE/archive/Actor_16/03-01-05-02-02-02-16.wav,angry
./drive/MyDrive/IEEE/archive/Actor_16/03-01-04-01-02-02-16.wav,sad
./drive/MyDrive/IEEE/archive/Actor_16/03-01-02-01-01-02-16.wav,calm
./drive/MyDrive/IEEE/archive/Actor_16/03-01-05-01-02-02-16.wav,angry
./drive/MyDrive/IEEE/archive/Actor_16/03-01-05-01-01-02-16.wav,angry
./drive/MyDrive/IEEE/archive/Actor_16/03-01-05-01-02-01-16.wav,angry
./drive/MyDrive/IEEE/archive/Actor_16/03-01-05-02-01-02-16.wav,angry
./drive/MyDrive/IEEE/archive/Actor_16/03-01-03-02-01-02-16.wav,happy
./drive/MyDrive/IEEE/archive/Actor_16/03-01-08-02-01-01-16.wav,surprised
./drive/MyDrive/IEEE/archive/Actor_16/03-01-08-02-02-02-16.wav,surprised
./drive/MyDrive/IEEE/archive/Actor_16/03-01-07-02-02-02-16.wav,disgust
./drive/MyDrive/IEEE/archive/Actor_16/03-01-06-02-01-02-16.wav,fear
./drive/MyDrive/IEEE/archive/Actor_16/03-01-08-01-01-01-16.wav,surprised
./drive/MyDrive/IEEE/archive/Actor_16/03-01-08-02-02-01-16.wav,surprised
./drive/MyDrive/IEEE/archive/Actor_16/03-01-08-01-02-01-16.wav,surprised
./drive/MyDrive/IEEE/archive/Actor_16/03-01-07-02-02-01-16.wav,disgust
./drive/MyDrive/IEEE/archive/Actor_16/03-01-06-02-02-01-16.wav,fear
./drive/MyDrive/IEEE/archive/Actor_16/03-01-08-01-01-02-16.wav,surprised
./drive/MyDrive/IEEE/archive/Actor_16/03-01-07-01-01-02-16.wav,disgust
./drive/MyDrive/IEEE/archive/Actor_16/03-01-07-01-02-02-16.wav,disgust
./drive/MyDrive/IEEE/archive/Actor_16/03-01-06-02-02-02-16.wav,fear
./drive/MyDrive/IEEE/archive/Actor_16/03-01-07-02-01-02-16.wav,disgust
./drive/MyDrive/IEEE/archive/Actor_16/03-01-08-02-01-02-16.wav,surprised
./drive/MyDrive/IEEE/archive/Actor_16/03-01-08-01-02-02-16.wav,surprised
./drive/MyDrive/IEEE/archive/Actor_16/03-01-07-01-01-01-16.wav,disgust
./drive/MyDrive/IEEE/archive/Actor_16/03-01-07-02-01-01-16.wav,disgust
./drive/MyDrive/IEEE/archive/Actor_16/03-01-07-01-02-01-16.wav,disgust
./drive/MyDrive/IEEE/archive/Actor_12/03-01-01-01-01-01-12.wav,neutral
./drive/MyDrive/IEEE/archive/Actor_12/03-01-01-01-01-02-12.wav,neutral
./drive/MyDrive/IEEE/archive/Actor_12/03-01-03-01-02-01-12.wav,happy
./drive/MyDrive/IEEE/archive/Actor_12/03-01-04-01-01-02-12.wav,sad
./drive/MyDrive/IEEE/archive/Actor_12/03-01-07-01-02-01-12.wav,disgust
./drive/MyDrive/IEEE/archive/Actor_12/03-01-03-01-01-01-12.wav,happy
./drive/MyDrive/IEEE/archive/Actor_12/03-01-07-02-01-02-12.wav,disgust
./drive/MyDrive/IEEE/archive/Actor_12/03-01-06-02-02-02-12.wav,fear
./drive/MyDrive/IEEE/archive/Actor_12/03-01-02-01-02-01-12.wav,calm
./drive/MyDrive/IEEE/archive/Actor_12/03-01-05-01-01-02-12.wav,angry
./drive/MyDrive/IEEE/archive/Actor_12/03-01-07-02-01-01-12.wav,disgust
./drive/MyDrive/IEEE/archive/Actor_12/03-01-06-01-01-01-12.wav,fear
./drive/MyDrive/IEEE/archive/Actor_12/03-01-07-01-01-02-12.wav,disgust
./drive/MyDrive/IEEE/archive/Actor_12/03-01-02-01-02-02-12.wav,calm
./drive/MyDrive/IEEE/archive/Actor_12/03-01-05-02-02-02-12.wav,angry
./drive/MyDrive/IEEE/archive/Actor_12/03-01-05-02-02-01-12.wav,angry
./drive/MyDrive/IEEE/archive/Actor_12/03-01-02-02-01-02-12.wav,calm
./drive/MyDrive/IEEE/archive/Actor_12/03-01-05-02-01-01-12.wav,angry
./drive/MyDrive/IEEE/archive/Actor_12/03-01-03-01-02-02-12.wav,happy
./drive/MyDrive/IEEE/archive/Actor_12/03-01-08-01-01-01-12.wav,surprised
./drive/MyDrive/IEEE/archive/Actor_12/03-01-04-02-01-01-12.wav,sad
./drive/MyDrive/IEEE/archive/Actor_12/03-01-07-01-01-01-12.wav,disgust
./drive/MyDrive/IEEE/archive/Actor_12/03-01-06-01-02-02-12.wav,fear
./drive/MyDrive/IEEE/archive/Actor_12/03-01-01-01-02-01-12.wav,neutral
./drive/MyDrive/IEEE/archive/Actor_12/03-01-02-02-02-02-12.wav,calm
./drive/MyDrive/IEEE/archive/Actor_12/03-01-03-02-02-01-12.wav,happy
./drive/MyDrive/IEEE/archive/Actor_12/03-01-07-01-02-02-12.wav,disgust
./drive/MyDrive/IEEE/archive/Actor_12/03-01-03-02-02-02-12.wav,happy
./drive/MyDrive/IEEE/archive/Actor_12/03-01-06-01-02-01-12.wav,fear
./drive/MyDrive/IEEE/archive/Actor_12/03-01-02-02-02-01-12.wav,calm
./drive/MyDrive/IEEE/archive/Actor_12/03-01-06-01-01-02-12.wav,fear
./drive/MyDrive/IEEE/archive/Actor_12/03-01-04-01-01-01-12.wav,sad
./drive/MyDrive/IEEE/archive/Actor_12/03-01-05-01-01-01-12.wav,angry
./drive/MyDrive/IEEE/archive/Actor_12/03-01-03-02-01-01-12.wav,happy
./drive/MyDrive/IEEE/archive/Actor_12/03-01-02-01-01-02-12.wav,calm
./drive/MyDrive/IEEE/archive/Actor_12/03-01-06-02-01-02-12.wav,fear
./drive/MyDrive/IEEE/archive/Actor_12/03-01-04-02-02-01-12.wav,sad
./drive/MyDrive/IEEE/archive/Actor_12/03-01-06-02-02-01-12.wav,fear
./drive/MyDrive/IEEE/archive/Actor_12/03-01-04-02-02-02-12.wav,sad
./drive/MyDrive/IEEE/archive/Actor_12/03-01-04-01-02-01-12.wav,sad
./drive/MyDrive/IEEE/archive/Actor_12/03-01-04-02-01-02-12.wav,sad
./drive/MyDrive/IEEE/archive/Actor_12/03-01-03-02-01-02-12.wav,happy
./drive/MyDrive/IEEE/archive/Actor_12/03-01-08-01-01-02-12.wav,surprised
./drive/MyDrive/IEEE/archive/Actor_12/03-01-05-02-01-02-12.wav,angry
./drive/MyDrive/IEEE/archive/Actor_12/03-01-02-02-01-01-12.wav,calm
./drive/MyDrive/IEEE/archive/Actor_12/03-01-07-02-02-01-12.wav,disgust
./drive/MyDrive/IEEE/archive/Actor_12/03-01-04-01-02-02-12.wav,sad
./drive/MyDrive/IEEE/archive/Actor_12/03-01-06-02-01-01-12.wav,fear
./drive/MyDrive/IEEE/archive/Actor_12/03-01-05-01-02-02-12.wav,angry
./drive/MyDrive/IEEE/archive/Actor_12/03-01-01-01-02-02-12.wav,neutral
./drive/MyDrive/IEEE/archive/Actor_12/03-01-02-01-01-01-12.wav,calm
./drive/MyDrive/IEEE/archive/Actor_12/03-01-07-02-02-02-12.wav,disgust
./drive/MyDrive/IEEE/archive/Actor_12/03-01-05-01-02-01-12.wav,angry
./drive/MyDrive/IEEE/archive/Actor_12/03-01-03-01-01-02-12.wav,happy
./drive/MyDrive/IEEE/archive/Actor_12/03-01-08-02-02-02-12.wav,surprised
./drive/MyDrive/IEEE/archive/Actor_12/03-01-08-02-01-02-12.wav,surprised
./drive/MyDrive/IEEE/archive/Actor_12/03-01-08-02-02-01-12.wav,surprised
./drive/MyDrive/IEEE/archive/Actor_12/03-01-08-02-01-01-12.wav,surprised
./drive/MyDrive/IEEE/archive/Actor_12/03-01-08-01-02-02-12.wav,surprised
./drive/MyDrive/IEEE/archive/Actor_12/03-01-08-01-02-01-12.wav,surprised
./drive/MyDrive/IEEE/archive/Actor_04/03-01-04-01-01-02-04.wav,sad
./drive/MyDrive/IEEE/archive/Actor_04/03-01-03-01-01-01-04.wav,happy
./drive/MyDrive/IEEE/archive/Actor_04/03-01-03-02-02-02-04.wav,happy
./drive/MyDrive/IEEE/archive/Actor_04/03-01-05-01-01-01-04.wav,angry
./drive/MyDrive/IEEE/archive/Actor_04/03-01-01-01-01-02-04.wav,neutral
./drive/MyDrive/IEEE/archive/Actor_04/03-01-04-02-02-02-04.wav,sad
./drive/MyDrive/IEEE/archive/Actor_04/03-01-04-02-01-01-04.wav,sad
./drive/MyDrive/IEEE/archive/Actor_04/03-01-03-02-01-02-04.wav,happy
./drive/MyDrive/IEEE/archive/Actor_04/03-01-05-01-01-02-04.wav,angry
./drive/MyDrive/IEEE/archive/Actor_04/03-01-03-02-02-01-04.wav,happy
./drive/MyDrive/IEEE/archive/Actor_04/03-01-04-01-01-01-04.wav,sad
./drive/MyDrive/IEEE/archive/Actor_04/03-01-02-02-02-01-04.wav,calm
./drive/MyDrive/IEEE/archive/Actor_04/03-01-03-01-01-02-04.wav,happy
./drive/MyDrive/IEEE/archive/Actor_04/03-01-02-01-01-02-04.wav,calm
./drive/MyDrive/IEEE/archive/Actor_04/03-01-02-02-01-02-04.wav,calm
./drive/MyDrive/IEEE/archive/Actor_04/03-01-04-01-02-01-04.wav,sad
./drive/MyDrive/IEEE/archive/Actor_04/03-01-02-02-01-01-04.wav,calm
./drive/MyDrive/IEEE/archive/Actor_04/03-01-01-01-02-02-04.wav,neutral
./drive/MyDrive/IEEE/archive/Actor_04/03-01-01-01-02-01-04.wav,neutral
./drive/MyDrive/IEEE/archive/Actor_04/03-01-03-01-02-02-04.wav,happy
./drive/MyDrive/IEEE/archive/Actor_04/03-01-04-02-02-01-04.wav,sad
./drive/MyDrive/IEEE/archive/Actor_04/03-01-02-02-02-02-04.wav,calm
./drive/MyDrive/IEEE/archive/Actor_04/03-01-02-01-02-02-04.wav,calm
./drive/MyDrive/IEEE/archive/Actor_04/03-01-04-01-02-02-04.wav,sad
./drive/MyDrive/IEEE/archive/Actor_04/03-01-04-02-01-02-04.wav,sad
./drive/MyDrive/IEEE/archive/Actor_04/03-01-02-01-02-01-04.wav,calm
./drive/MyDrive/IEEE/archive/Actor_04/03-01-02-01-01-01-04.wav,calm
./drive/MyDrive/IEEE/archive/Actor_04/03-01-03-02-01-01-04.wav,happy
./drive/MyDrive/IEEE/archive/Actor_04/03-01-03-01-02-01-04.wav,happy
./drive/MyDrive/IEEE/archive/Actor_04/03-01-01-01-01-01-04.wav,neutral
./drive/MyDrive/IEEE/archive/Actor_04/03-01-07-01-01-02-04.wav,disgust
./drive/MyDrive/IEEE/archive/Actor_04/03-01-06-01-02-02-04.wav,fear
./drive/MyDrive/IEEE/archive/Actor_04/03-01-07-02-02-01-04.wav,disgust
./drive/MyDrive/IEEE/archive/Actor_04/03-01-06-01-02-01-04.wav,fear
./drive/MyDrive/IEEE/archive/Actor_04/03-01-06-02-01-01-04.wav,fear
./drive/MyDrive/IEEE/archive/Actor_04/03-01-06-01-01-01-04.wav,fear
./drive/MyDrive/IEEE/archive/Actor_04/03-01-05-01-02-02-04.wav,angry
./drive/MyDrive/IEEE/archive/Actor_04/03-01-07-02-01-02-04.wav,disgust
./drive/MyDrive/IEEE/archive/Actor_04/03-01-07-01-02-02-04.wav,disgust
./drive/MyDrive/IEEE/archive/Actor_04/03-01-07-02-02-02-04.wav,disgust
./drive/MyDrive/IEEE/archive/Actor_04/03-01-06-02-02-01-04.wav,fear
./drive/MyDrive/IEEE/archive/Actor_04/03-01-08-02-01-01-04.wav,surprised
./drive/MyDrive/IEEE/archive/Actor_04/03-01-08-02-02-02-04.wav,surprised
./drive/MyDrive/IEEE/archive/Actor_04/03-01-08-01-02-02-04.wav,surprised
./drive/MyDrive/IEEE/archive/Actor_04/03-01-07-01-02-01-04.wav,disgust
./drive/MyDrive/IEEE/archive/Actor_04/03-01-08-01-01-01-04.wav,surprised
./drive/MyDrive/IEEE/archive/Actor_04/03-01-05-02-01-01-04.wav,angry
./drive/MyDrive/IEEE/archive/Actor_04/03-01-06-01-01-02-04.wav,fear
./drive/MyDrive/IEEE/archive/Actor_04/03-01-08-02-01-02-04.wav,surprised
./drive/MyDrive/IEEE/archive/Actor_04/03-01-05-02-02-01-04.wav,angry
./drive/MyDrive/IEEE/archive/Actor_04/03-01-08-02-02-01-04.wav,surprised
./drive/MyDrive/IEEE/archive/Actor_04/03-01-08-01-02-01-04.wav,surprised
./drive/MyDrive/IEEE/archive/Actor_04/03-01-07-01-01-01-04.wav,disgust
./drive/MyDrive/IEEE/archive/Actor_04/03-01-07-02-01-01-04.wav,disgust
./drive/MyDrive/IEEE/archive/Actor_04/03-01-05-02-02-02-04.wav,angry
./drive/MyDrive/IEEE/archive/Actor_04/03-01-05-01-02-01-04.wav,angry
./drive/MyDrive/IEEE/archive/Actor_04/03-01-06-02-01-02-04.wav,fear
./drive/MyDrive/IEEE/archive/Actor_04/03-01-08-01-01-02-04.wav,surprised
./drive/MyDrive/IEEE/archive/Actor_04/03-01-06-02-02-02-04.wav,fear
./drive/MyDrive/IEEE/archive/Actor_04/03-01-05-02-01-02-04.wav,angry
./drive/MyDrive/IEEE/archive/Actor_17/03-01-03-01-02-01-17.wav,happy
./drive/MyDrive/IEEE/archive/Actor_17/03-01-02-01-01-02-17.wav,calm
./drive/MyDrive/IEEE/archive/Actor_17/03-01-03-01-01-02-17.wav,happy
./drive/MyDrive/IEEE/archive/Actor_17/03-01-03-02-02-01-17.wav,happy
./drive/MyDrive/IEEE/archive/Actor_17/03-01-05-01-01-01-17.wav,angry
./drive/MyDrive/IEEE/archive/Actor_17/03-01-04-02-01-02-17.wav,sad
./drive/MyDrive/IEEE/archive/Actor_17/03-01-02-02-02-01-17.wav,calm
./drive/MyDrive/IEEE/archive/Actor_17/03-01-04-02-02-02-17.wav,sad
./drive/MyDrive/IEEE/archive/Actor_17/03-01-03-02-01-02-17.wav,happy
./drive/MyDrive/IEEE/archive/Actor_17/03-01-04-01-01-01-17.wav,sad
./drive/MyDrive/IEEE/archive/Actor_17/03-01-05-01-02-01-17.wav,angry
./drive/MyDrive/IEEE/archive/Actor_17/03-01-04-02-01-01-17.wav,sad
./drive/MyDrive/IEEE/archive/Actor_17/03-01-03-02-01-01-17.wav,happy
./drive/MyDrive/IEEE/archive/Actor_17/03-01-04-01-02-02-17.wav,sad
./drive/MyDrive/IEEE/archive/Actor_17/03-01-03-01-01-01-17.wav,happy
./drive/MyDrive/IEEE/archive/Actor_17/03-01-04-02-02-01-17.wav,sad
./drive/MyDrive/IEEE/archive/Actor_17/03-01-04-01-02-01-17.wav,sad
./drive/MyDrive/IEEE/archive/Actor_17/03-01-05-02-01-01-17.wav,angry
./drive/MyDrive/IEEE/archive/Actor_17/03-01-02-02-01-01-17.wav,calm
./drive/MyDrive/IEEE/archive/Actor_17/03-01-02-02-01-02-17.wav,calm
./drive/MyDrive/IEEE/archive/Actor_17/03-01-05-01-02-02-17.wav,angry
./drive/MyDrive/IEEE/archive/Actor_17/03-01-05-01-01-02-17.wav,angry
./drive/MyDrive/IEEE/archive/Actor_17/03-01-02-01-01-01-17.wav,calm
./drive/MyDrive/IEEE/archive/Actor_17/03-01-03-01-02-02-17.wav,happy
./drive/MyDrive/IEEE/archive/Actor_17/03-01-02-02-02-02-17.wav,calm
./drive/MyDrive/IEEE/archive/Actor_17/03-01-01-01-01-02-17.wav,neutral
./drive/MyDrive/IEEE/archive/Actor_17/03-01-01-01-01-01-17.wav,neutral
./drive/MyDrive/IEEE/archive/Actor_17/03-01-01-01-02-01-17.wav,neutral
./drive/MyDrive/IEEE/archive/Actor_17/03-01-03-02-02-02-17.wav,happy
./drive/MyDrive/IEEE/archive/Actor_17/03-01-02-01-02-01-17.wav,calm
./drive/MyDrive/IEEE/archive/Actor_17/03-01-05-02-01-02-17.wav,angry
./drive/MyDrive/IEEE/archive/Actor_17/03-01-04-01-01-02-17.wav,sad
./drive/MyDrive/IEEE/archive/Actor_17/03-01-02-01-02-02-17.wav,calm
./drive/MyDrive/IEEE/archive/Actor_17/03-01-01-01-02-02-17.wav,neutral
./drive/MyDrive/IEEE/archive/Actor_17/03-01-06-01-01-02-17.wav,fear
./drive/MyDrive/IEEE/archive/Actor_17/03-01-08-02-02-01-17.wav,surprised
./drive/MyDrive/IEEE/archive/Actor_17/03-01-07-01-02-02-17.wav,disgust
./drive/MyDrive/IEEE/archive/Actor_17/03-01-07-02-01-02-17.wav,disgust
./drive/MyDrive/IEEE/archive/Actor_17/03-01-07-02-02-02-17.wav,disgust
./drive/MyDrive/IEEE/archive/Actor_17/03-01-06-02-01-01-17.wav,fear
./drive/MyDrive/IEEE/archive/Actor_17/03-01-06-02-01-02-17.wav,fear
./drive/MyDrive/IEEE/archive/Actor_17/03-01-08-01-01-02-17.wav,surprised
./drive/MyDrive/IEEE/archive/Actor_17/03-01-06-01-01-01-17.wav,fear
./drive/MyDrive/IEEE/archive/Actor_17/03-01-07-01-01-01-17.wav,disgust
./drive/MyDrive/IEEE/archive/Actor_17/03-01-07-01-02-01-17.wav,disgust
./drive/MyDrive/IEEE/archive/Actor_17/03-01-06-01-02-01-17.wav,fear
./drive/MyDrive/IEEE/archive/Actor_17/03-01-07-02-01-01-17.wav,disgust
./drive/MyDrive/IEEE/archive/Actor_17/03-01-08-02-02-02-17.wav,surprised
./drive/MyDrive/IEEE/archive/Actor_17/03-01-06-01-02-02-17.wav,fear
./drive/MyDrive/IEEE/archive/Actor_17/03-01-06-02-02-01-17.wav,fear
./drive/MyDrive/IEEE/archive/Actor_17/03-01-08-02-01-01-17.wav,surprised
./drive/MyDrive/IEEE/archive/Actor_17/03-01-08-01-02-01-17.wav,surprised
./drive/MyDrive/IEEE/archive/Actor_17/03-01-05-02-02-01-17.wav,angry
./drive/MyDrive/IEEE/archive/Actor_17/03-01-05-02-02-02-17.wav,angry
./drive/MyDrive/IEEE/archive/Actor_17/03-01-06-02-02-02-17.wav,fear
./drive/MyDrive/IEEE/archive/Actor_17/03-01-07-01-01-02-17.wav,disgust
./drive/MyDrive/IEEE/archive/Actor_17/03-01-08-01-02-02-17.wav,surprised
./drive/MyDrive/IEEE/archive/Actor_17/03-01-08-02-01-02-17.wav,surprised
./drive/MyDrive/IEEE/archive/Actor_17/03-01-08-01-01-01-17.wav,surprised
./drive/MyDrive/IEEE/archive/Actor_17/03-01-07-02-02-01-17.wav,disgust
./drive/MyDrive/IEEE/archive/Actor_19/03-01-01-01-01-02-19.wav,neutral
./drive/MyDrive/IEEE/archive/Actor_19/03-01-03-01-02-02-19.wav,happy
./drive/MyDrive/IEEE/archive/Actor_19/03-01-02-02-02-02-19.wav,calm
./drive/MyDrive/IEEE/archive/Actor_19/03-01-03-01-02-01-19.wav,happy
./drive/MyDrive/IEEE/archive/Actor_19/03-01-03-02-02-01-19.wav,happy
./drive/MyDrive/IEEE/archive/Actor_19/03-01-02-01-02-01-19.wav,calm
./drive/MyDrive/IEEE/archive/Actor_19/03-01-01-01-02-02-19.wav,neutral
./drive/MyDrive/IEEE/archive/Actor_19/03-01-03-02-01-02-19.wav,happy
./drive/MyDrive/IEEE/archive/Actor_19/03-01-02-01-01-01-19.wav,calm
./drive/MyDrive/IEEE/archive/Actor_19/03-01-02-02-02-01-19.wav,calm
./drive/MyDrive/IEEE/archive/Actor_19/03-01-02-01-02-02-19.wav,calm
./drive/MyDrive/IEEE/archive/Actor_19/03-01-01-01-01-01-19.wav,neutral
./drive/MyDrive/IEEE/archive/Actor_19/03-01-03-01-01-02-19.wav,happy
./drive/MyDrive/IEEE/archive/Actor_19/03-01-03-02-01-01-19.wav,happy
./drive/MyDrive/IEEE/archive/Actor_19/03-01-03-01-01-01-19.wav,happy
./drive/MyDrive/IEEE/archive/Actor_19/03-01-02-01-01-02-19.wav,calm
./drive/MyDrive/IEEE/archive/Actor_19/03-01-02-02-01-02-19.wav,calm
./drive/MyDrive/IEEE/archive/Actor_19/03-01-03-02-02-02-19.wav,happy
./drive/MyDrive/IEEE/archive/Actor_19/03-01-04-01-01-01-19.wav,sad
./drive/MyDrive/IEEE/archive/Actor_19/03-01-02-02-01-01-19.wav,calm
./drive/MyDrive/IEEE/archive/Actor_19/03-01-01-01-02-01-19.wav,neutral
./drive/MyDrive/IEEE/archive/Actor_19/03-01-04-01-02-01-19.wav,sad
./drive/MyDrive/IEEE/archive/Actor_19/03-01-04-02-01-01-19.wav,sad
./drive/MyDrive/IEEE/archive/Actor_19/03-01-04-01-02-02-19.wav,sad
./drive/MyDrive/IEEE/archive/Actor_19/03-01-05-01-01-01-19.wav,angry
./drive/MyDrive/IEEE/archive/Actor_19/03-01-06-02-01-01-19.wav,fear
./drive/MyDrive/IEEE/archive/Actor_19/03-01-07-02-01-02-19.wav,disgust
./drive/MyDrive/IEEE/archive/Actor_19/03-01-07-02-02-02-19.wav,disgust
./drive/MyDrive/IEEE/archive/Actor_19/03-01-04-02-01-02-19.wav,sad
./drive/MyDrive/IEEE/archive/Actor_19/03-01-08-02-02-01-19.wav,surprised
./drive/MyDrive/IEEE/archive/Actor_19/03-01-08-02-01-01-19.wav,surprised
./drive/MyDrive/IEEE/archive/Actor_19/03-01-04-02-02-01-19.wav,sad
./drive/MyDrive/IEEE/archive/Actor_19/03-01-06-02-02-01-19.wav,fear
./drive/MyDrive/IEEE/archive/Actor_19/03-01-07-02-01-01-19.wav,disgust
./drive/MyDrive/IEEE/archive/Actor_19/03-01-05-01-02-01-19.wav,angry
./drive/MyDrive/IEEE/archive/Actor_19/03-01-08-02-01-02-19.wav,surprised
./drive/MyDrive/IEEE/archive/Actor_19/03-01-08-01-02-01-19.wav,surprised
./drive/MyDrive/IEEE/archive/Actor_19/03-01-04-01-01-02-19.wav,sad
./drive/MyDrive/IEEE/archive/Actor_19/03-01-06-01-02-01-19.wav,fear
./drive/MyDrive/IEEE/archive/Actor_19/03-01-05-02-01-01-19.wav,angry
./drive/MyDrive/IEEE/archive/Actor_19/03-01-06-02-01-02-19.wav,fear
./drive/MyDrive/IEEE/archive/Actor_19/03-01-06-01-02-02-19.wav,fear
./drive/MyDrive/IEEE/archive/Actor_19/03-01-07-01-01-02-19.wav,disgust
./drive/MyDrive/IEEE/archive/Actor_19/03-01-04-02-02-02-19.wav,sad
./drive/MyDrive/IEEE/archive/Actor_19/03-01-06-01-01-01-19.wav,fear
./drive/MyDrive/IEEE/archive/Actor_19/03-01-08-01-01-01-19.wav,surprised
./drive/MyDrive/IEEE/archive/Actor_19/03-01-07-01-02-02-19.wav,disgust
./drive/MyDrive/IEEE/archive/Actor_19/03-01-07-01-01-01-19.wav,disgust
./drive/MyDrive/IEEE/archive/Actor_19/03-01-06-01-01-02-19.wav,fear
./drive/MyDrive/IEEE/archive/Actor_19/03-01-05-01-02-02-19.wav,angry
./drive/MyDrive/IEEE/archive/Actor_19/03-01-08-01-01-02-19.wav,surprised
./drive/MyDrive/IEEE/archive/Actor_19/03-01-06-02-02-02-19.wav,fear
./drive/MyDrive/IEEE/archive/Actor_19/03-01-07-02-02-01-19.wav,disgust
./drive/MyDrive/IEEE/archive/Actor_19/03-01-05-02-02-02-19.wav,angry
./drive/MyDrive/IEEE/archive/Actor_19/03-01-07-01-02-01-19.wav,disgust
./drive/MyDrive/IEEE/archive/Actor_19/03-01-05-02-02-01-19.wav,angry
./drive/MyDrive/IEEE/archive/Actor_19/03-01-08-02-02-02-19.wav,surprised
./drive/MyDrive/IEEE/archive/Actor_19/03-01-08-01-02-02-19.wav,surprised
./drive/MyDrive/IEEE/archive/Actor_19/03-01-05-02-01-02-19.wav,angry
./drive/MyDrive/IEEE/archive/Actor_19/03-01-05-01-01-02-19.wav,angry
./drive/MyDrive/IEEE/archive/Actor_11/03-01-01-01-02-02-11.wav,neutral
./drive/MyDrive/IEEE/archive/Actor_11/03-01-02-01-01-01-11.wav,calm
./drive/MyDrive/IEEE/archive/Actor_11/03-01-01-01-01-01-11.wav,neutral
./drive/MyDrive/IEEE/archive/Actor_11/03-01-02-02-01-01-11.wav,calm
./drive/MyDrive/IEEE/archive/Actor_11/03-01-02-01-01-02-11.wav,calm
./drive/MyDrive/IEEE/archive/Actor_11/03-01-01-01-01-02-11.wav,neutral
./drive/MyDrive/IEEE/archive/Actor_11/03-01-02-01-02-02-11.wav,calm
./drive/MyDrive/IEEE/archive/Actor_11/03-01-02-01-02-01-11.wav,calm
./drive/MyDrive/IEEE/archive/Actor_11/03-01-01-01-02-01-11.wav,neutral
./drive/MyDrive/IEEE/archive/Actor_11/03-01-04-02-02-01-11.wav,sad
./drive/MyDrive/IEEE/archive/Actor_11/03-01-03-02-02-01-11.wav,happy
./drive/MyDrive/IEEE/archive/Actor_11/03-01-08-02-01-02-11.wav,surprised
./drive/MyDrive/IEEE/archive/Actor_11/03-01-07-02-01-01-11.wav,disgust
./drive/MyDrive/IEEE/archive/Actor_11/03-01-05-02-01-01-11.wav,angry
./drive/MyDrive/IEEE/archive/Actor_11/03-01-08-01-01-02-11.wav,surprised
./drive/MyDrive/IEEE/archive/Actor_11/03-01-03-02-01-02-11.wav,happy
./drive/MyDrive/IEEE/archive/Actor_11/03-01-05-02-02-02-11.wav,angry
./drive/MyDrive/IEEE/archive/Actor_11/03-01-08-02-02-01-11.wav,surprised
./drive/MyDrive/IEEE/archive/Actor_11/03-01-03-01-01-02-11.wav,happy
./drive/MyDrive/IEEE/archive/Actor_11/03-01-04-02-02-02-11.wav,sad
./drive/MyDrive/IEEE/archive/Actor_11/03-01-03-01-01-01-11.wav,happy
./drive/MyDrive/IEEE/archive/Actor_11/03-01-02-02-02-02-11.wav,calm
./drive/MyDrive/IEEE/archive/Actor_11/03-01-05-01-01-01-11.wav,angry
./drive/MyDrive/IEEE/archive/Actor_11/03-01-06-01-01-01-11.wav,fear
./drive/MyDrive/IEEE/archive/Actor_11/03-01-06-02-01-01-11.wav,fear
./drive/MyDrive/IEEE/archive/Actor_11/03-01-03-02-01-01-11.wav,happy
./drive/MyDrive/IEEE/archive/Actor_11/03-01-06-01-02-01-11.wav,fear
./drive/MyDrive/IEEE/archive/Actor_11/03-01-06-02-02-01-11.wav,fear
./drive/MyDrive/IEEE/archive/Actor_11/03-01-08-01-02-02-11.wav,surprised
./drive/MyDrive/IEEE/archive/Actor_11/03-01-03-01-02-01-11.wav,happy
./drive/MyDrive/IEEE/archive/Actor_11/03-01-07-01-02-02-11.wav,disgust
./drive/MyDrive/IEEE/archive/Actor_11/03-01-07-01-01-02-11.wav,disgust
./drive/MyDrive/IEEE/archive/Actor_11/03-01-07-02-02-02-11.wav,disgust
./drive/MyDrive/IEEE/archive/Actor_11/03-01-07-02-01-02-11.wav,disgust
./drive/MyDrive/IEEE/archive/Actor_11/03-01-03-01-02-02-11.wav,happy
./drive/MyDrive/IEEE/archive/Actor_11/03-01-07-01-01-01-11.wav,disgust
./drive/MyDrive/IEEE/archive/Actor_11/03-01-06-01-01-02-11.wav,fear
./drive/MyDrive/IEEE/archive/Actor_11/03-01-07-01-02-01-11.wav,disgust
./drive/MyDrive/IEEE/archive/Actor_11/03-01-05-02-01-02-11.wav,angry
./drive/MyDrive/IEEE/archive/Actor_11/03-01-08-01-01-01-11.wav,surprised
./drive/MyDrive/IEEE/archive/Actor_11/03-01-04-02-01-02-11.wav,sad
./drive/MyDrive/IEEE/archive/Actor_11/03-01-03-02-02-02-11.wav,happy
./drive/MyDrive/IEEE/archive/Actor_11/03-01-04-01-01-02-11.wav,sad
./drive/MyDrive/IEEE/archive/Actor_11/03-01-06-02-01-02-11.wav,fear
./drive/MyDrive/IEEE/archive/Actor_11/03-01-08-01-02-01-11.wav,surprised
./drive/MyDrive/IEEE/archive/Actor_11/03-01-05-01-01-02-11.wav,angry
./drive/MyDrive/IEEE/archive/Actor_11/03-01-07-02-02-01-11.wav,disgust
./drive/MyDrive/IEEE/archive/Actor_11/03-01-05-02-02-01-11.wav,angry
./drive/MyDrive/IEEE/archive/Actor_11/03-01-02-02-01-02-11.wav,calm
./drive/MyDrive/IEEE/archive/Actor_11/03-01-04-02-01-01-11.wav,sad
./drive/MyDrive/IEEE/archive/Actor_11/03-01-04-01-01-01-11.wav,sad
./drive/MyDrive/IEEE/archive/Actor_11/03-01-06-01-02-02-11.wav,fear
./drive/MyDrive/IEEE/archive/Actor_11/03-01-08-02-01-01-11.wav,surprised
./drive/MyDrive/IEEE/archive/Actor_11/03-01-04-01-02-01-11.wav,sad
./drive/MyDrive/IEEE/archive/Actor_11/03-01-04-01-02-02-11.wav,sad
./drive/MyDrive/IEEE/archive/Actor_11/03-01-08-02-02-02-11.wav,surprised
./drive/MyDrive/IEEE/archive/Actor_11/03-01-02-02-02-01-11.wav,calm
./drive/MyDrive/IEEE/archive/Actor_11/03-01-05-01-02-01-11.wav,angry
./drive/MyDrive/IEEE/archive/Actor_11/03-01-06-02-02-02-11.wav,fear
./drive/MyDrive/IEEE/archive/Actor_11/03-01-05-01-02-02-11.wav,angry
./drive/MyDrive/IEEE/archive/Actor_02/03-01-01-01-02-01-02.wav,neutral
./drive/MyDrive/IEEE/archive/Actor_02/03-01-02-02-02-01-02.wav,calm
./drive/MyDrive/IEEE/archive/Actor_02/03-01-02-01-01-01-02.wav,calm
./drive/MyDrive/IEEE/archive/Actor_02/03-01-02-02-01-02-02.wav,calm
./drive/MyDrive/IEEE/archive/Actor_02/03-01-01-01-01-02-02.wav,neutral
./drive/MyDrive/IEEE/archive/Actor_02/03-01-02-01-02-02-02.wav,calm
./drive/MyDrive/IEEE/archive/Actor_02/03-01-02-01-01-02-02.wav,calm
./drive/MyDrive/IEEE/archive/Actor_02/03-01-01-01-02-02-02.wav,neutral
./drive/MyDrive/IEEE/archive/Actor_02/03-01-02-01-02-01-02.wav,calm
./drive/MyDrive/IEEE/archive/Actor_02/03-01-02-02-01-01-02.wav,calm
./drive/MyDrive/IEEE/archive/Actor_02/03-01-01-01-01-01-02.wav,neutral
./drive/MyDrive/IEEE/archive/Actor_02/03-01-05-01-02-02-02.wav,angry
./drive/MyDrive/IEEE/archive/Actor_02/03-01-03-02-01-02-02.wav,happy
./drive/MyDrive/IEEE/archive/Actor_02/03-01-04-01-02-02-02.wav,sad
./drive/MyDrive/IEEE/archive/Actor_02/03-01-04-01-01-02-02.wav,sad
./drive/MyDrive/IEEE/archive/Actor_02/03-01-05-01-01-01-02.wav,angry
./drive/MyDrive/IEEE/archive/Actor_02/03-01-03-02-02-01-02.wav,happy
./drive/MyDrive/IEEE/archive/Actor_02/03-01-04-02-02-02-02.wav,sad
./drive/MyDrive/IEEE/archive/Actor_02/03-01-05-02-01-01-02.wav,angry
./drive/MyDrive/IEEE/archive/Actor_02/03-01-05-02-02-01-02.wav,angry
./drive/MyDrive/IEEE/archive/Actor_02/03-01-04-02-01-01-02.wav,sad
./drive/MyDrive/IEEE/archive/Actor_02/03-01-06-01-02-02-02.wav,fear
./drive/MyDrive/IEEE/archive/Actor_02/03-01-03-02-01-01-02.wav,happy
./drive/MyDrive/IEEE/archive/Actor_02/03-01-04-02-01-02-02.wav,sad
./drive/MyDrive/IEEE/archive/Actor_02/03-01-05-01-01-02-02.wav,angry
./drive/MyDrive/IEEE/archive/Actor_02/03-01-04-02-02-01-02.wav,sad
./drive/MyDrive/IEEE/archive/Actor_02/03-01-03-01-02-02-02.wav,happy
./drive/MyDrive/IEEE/archive/Actor_02/03-01-03-01-02-01-02.wav,happy
./drive/MyDrive/IEEE/archive/Actor_02/03-01-02-02-02-02-02.wav,calm
./drive/MyDrive/IEEE/archive/Actor_02/03-01-03-01-01-01-02.wav,happy
./drive/MyDrive/IEEE/archive/Actor_02/03-01-03-02-02-02-02.wav,happy
./drive/MyDrive/IEEE/archive/Actor_02/03-01-04-01-01-01-02.wav,sad
./drive/MyDrive/IEEE/archive/Actor_02/03-01-05-01-02-01-02.wav,angry
./drive/MyDrive/IEEE/archive/Actor_02/03-01-05-02-01-02-02.wav,angry
./drive/MyDrive/IEEE/archive/Actor_02/03-01-06-01-01-02-02.wav,fear
./drive/MyDrive/IEEE/archive/Actor_02/03-01-06-01-01-01-02.wav,fear
./drive/MyDrive/IEEE/archive/Actor_02/03-01-03-01-01-02-02.wav,happy
./drive/MyDrive/IEEE/archive/Actor_02/03-01-06-01-02-01-02.wav,fear
./drive/MyDrive/IEEE/archive/Actor_02/03-01-05-02-02-02-02.wav,angry
./drive/MyDrive/IEEE/archive/Actor_02/03-01-04-01-02-01-02.wav,sad
./drive/MyDrive/IEEE/archive/Actor_02/03-01-07-01-01-01-02.wav,disgust
./drive/MyDrive/IEEE/archive/Actor_02/03-01-06-02-01-02-02.wav,fear
./drive/MyDrive/IEEE/archive/Actor_02/03-01-06-02-02-02-02.wav,fear
./drive/MyDrive/IEEE/archive/Actor_02/03-01-06-02-01-01-02.wav,fear
./drive/MyDrive/IEEE/archive/Actor_02/03-01-06-02-02-01-02.wav,fear
./drive/MyDrive/IEEE/archive/Actor_02/03-01-07-01-01-02-02.wav,disgust
./drive/MyDrive/IEEE/archive/Actor_02/03-01-07-02-02-02-02.wav,disgust
./drive/MyDrive/IEEE/archive/Actor_02/03-01-07-01-02-02-02.wav,disgust
./drive/MyDrive/IEEE/archive/Actor_02/03-01-07-01-02-01-02.wav,disgust
./drive/MyDrive/IEEE/archive/Actor_02/03-01-08-02-02-02-02.wav,surprised
./drive/MyDrive/IEEE/archive/Actor_02/03-01-07-02-01-02-02.wav,disgust
./drive/MyDrive/IEEE/archive/Actor_02/03-01-08-01-01-02-02.wav,surprised
./drive/MyDrive/IEEE/archive/Actor_02/03-01-08-02-01-01-02.wav,surprised
./drive/MyDrive/IEEE/archive/Actor_02/03-01-07-02-02-01-02.wav,disgust
./drive/MyDrive/IEEE/archive/Actor_02/03-01-08-01-02-01-02.wav,surprised
./drive/MyDrive/IEEE/archive/Actor_02/03-01-08-02-01-02-02.wav,surprised
./drive/MyDrive/IEEE/archive/Actor_02/03-01-08-02-02-01-02.wav,surprised
./drive/MyDrive/IEEE/archive/Actor_02/03-01-07-02-01-01-02.wav,disgust
./drive/MyDrive/IEEE/archive/Actor_02/03-01-08-01-01-01-02.wav,surprised
./drive/MyDrive/IEEE/archive/Actor_02/03-01-08-01-02-02-02.wav,surprised
./drive/MyDrive/IEEE/archive/Actor_22/03-01-04-02-02-02-22.wav,sad
./drive/MyDrive/IEEE/archive/Actor_22/03-01-02-01-01-01-22.wav,calm
./drive/MyDrive/IEEE/archive/Actor_22/03-01-05-02-02-02-22.wav,angry
./drive/MyDrive/IEEE/archive/Actor_22/03-01-05-02-01-02-22.wav,angry
./drive/MyDrive/IEEE/archive/Actor_22/03-01-01-01-02-01-22.wav,neutral
./drive/MyDrive/IEEE/archive/Actor_22/03-01-02-02-01-02-22.wav,calm
./drive/MyDrive/IEEE/archive/Actor_22/03-01-07-01-02-01-22.wav,disgust
./drive/MyDrive/IEEE/archive/Actor_22/03-01-01-01-01-02-22.wav,neutral
./drive/MyDrive/IEEE/archive/Actor_22/03-01-07-01-01-02-22.wav,disgust
./drive/MyDrive/IEEE/archive/Actor_22/03-01-03-02-01-02-22.wav,happy
./drive/MyDrive/IEEE/archive/Actor_22/03-01-02-02-02-02-22.wav,calm
./drive/MyDrive/IEEE/archive/Actor_22/03-01-03-02-02-01-22.wav,happy
./drive/MyDrive/IEEE/archive/Actor_22/03-01-06-01-01-01-22.wav,fear
./drive/MyDrive/IEEE/archive/Actor_22/03-01-02-01-02-01-22.wav,calm
./drive/MyDrive/IEEE/archive/Actor_22/03-01-04-02-01-01-22.wav,sad
./drive/MyDrive/IEEE/archive/Actor_22/03-01-03-01-02-02-22.wav,happy
./drive/MyDrive/IEEE/archive/Actor_22/03-01-06-02-01-01-22.wav,fear
./drive/MyDrive/IEEE/archive/Actor_22/03-01-06-01-01-02-22.wav,fear
./drive/MyDrive/IEEE/archive/Actor_22/03-01-06-01-02-02-22.wav,fear
./drive/MyDrive/IEEE/archive/Actor_22/03-01-05-01-02-01-22.wav,angry
./drive/MyDrive/IEEE/archive/Actor_22/03-01-03-01-01-01-22.wav,happy
./drive/MyDrive/IEEE/archive/Actor_22/03-01-04-02-02-01-22.wav,sad
./drive/MyDrive/IEEE/archive/Actor_22/03-01-03-02-01-01-22.wav,happy
./drive/MyDrive/IEEE/archive/Actor_22/03-01-02-01-01-02-22.wav,calm
./drive/MyDrive/IEEE/archive/Actor_22/03-01-05-01-01-01-22.wav,angry
./drive/MyDrive/IEEE/archive/Actor_22/03-01-04-01-01-01-22.wav,sad
./drive/MyDrive/IEEE/archive/Actor_22/03-01-07-01-02-02-22.wav,disgust
./drive/MyDrive/IEEE/archive/Actor_22/03-01-04-01-02-01-22.wav,sad
./drive/MyDrive/IEEE/archive/Actor_22/03-01-04-01-02-02-22.wav,sad
./drive/MyDrive/IEEE/archive/Actor_22/03-01-05-01-01-02-22.wav,angry
./drive/MyDrive/IEEE/archive/Actor_22/03-01-01-01-02-02-22.wav,neutral
./drive/MyDrive/IEEE/archive/Actor_22/03-01-07-02-01-02-22.wav,disgust
./drive/MyDrive/IEEE/archive/Actor_22/03-01-03-01-01-02-22.wav,happy
./drive/MyDrive/IEEE/archive/Actor_22/03-01-03-01-02-01-22.wav,happy
./drive/MyDrive/IEEE/archive/Actor_22/03-01-02-02-01-01-22.wav,calm
./drive/MyDrive/IEEE/archive/Actor_22/03-01-05-02-02-01-22.wav,angry
./drive/MyDrive/IEEE/archive/Actor_22/03-01-01-01-01-01-22.wav,neutral
./drive/MyDrive/IEEE/archive/Actor_22/03-01-06-02-02-02-22.wav,fear
./drive/MyDrive/IEEE/archive/Actor_22/03-01-06-02-01-02-22.wav,fear
./drive/MyDrive/IEEE/archive/Actor_22/03-01-07-02-02-01-22.wav,disgust
./drive/MyDrive/IEEE/archive/Actor_22/03-01-05-01-02-02-22.wav,angry
./drive/MyDrive/IEEE/archive/Actor_22/03-01-06-02-02-01-22.wav,fear
./drive/MyDrive/IEEE/archive/Actor_22/03-01-03-02-02-02-22.wav,happy
./drive/MyDrive/IEEE/archive/Actor_22/03-01-02-02-02-01-22.wav,calm
./drive/MyDrive/IEEE/archive/Actor_22/03-01-05-02-01-01-22.wav,angry
./drive/MyDrive/IEEE/archive/Actor_22/03-01-04-01-01-02-22.wav,sad
./drive/MyDrive/IEEE/archive/Actor_22/03-01-02-01-02-02-22.wav,calm
./drive/MyDrive/IEEE/archive/Actor_22/03-01-07-02-01-01-22.wav,disgust
./drive/MyDrive/IEEE/archive/Actor_22/03-01-04-02-01-02-22.wav,sad
./drive/MyDrive/IEEE/archive/Actor_22/03-01-07-01-01-01-22.wav,disgust
./drive/MyDrive/IEEE/archive/Actor_22/03-01-06-01-02-01-22.wav,fear
./drive/MyDrive/IEEE/archive/Actor_22/03-01-08-02-01-01-22.wav,surprised
./drive/MyDrive/IEEE/archive/Actor_22/03-01-08-02-02-01-22.wav,surprised
./drive/MyDrive/IEEE/archive/Actor_22/03-01-08-01-01-02-22.wav,surprised
./drive/MyDrive/IEEE/archive/Actor_22/03-01-08-01-02-02-22.wav,surprised
./drive/MyDrive/IEEE/archive/Actor_22/03-01-08-02-01-02-22.wav,surprised
./drive/MyDrive/IEEE/archive/Actor_22/03-01-08-01-02-01-22.wav,surprised
./drive/MyDrive/IEEE/archive/Actor_22/03-01-08-01-01-01-22.wav,surprised
./drive/MyDrive/IEEE/archive/Actor_22/03-01-07-02-02-02-22.wav,disgust
./drive/MyDrive/IEEE/archive/Actor_22/03-01-08-02-02-02-22.wav,surprised
./drive/MyDrive/IEEE/archive/Actor_06/03-01-02-01-02-02-06.wav,calm
./drive/MyDrive/IEEE/archive/Actor_06/03-01-02-01-01-02-06.wav,calm
./drive/MyDrive/IEEE/archive/Actor_06/03-01-03-01-01-02-06.wav,happy
./drive/MyDrive/IEEE/archive/Actor_06/03-01-02-02-02-02-06.wav,calm
./drive/MyDrive/IEEE/archive/Actor_06/03-01-01-01-01-01-06.wav,neutral
./drive/MyDrive/IEEE/archive/Actor_06/03-01-02-01-01-01-06.wav,calm
./drive/MyDrive/IEEE/archive/Actor_06/03-01-02-02-01-02-06.wav,calm
./drive/MyDrive/IEEE/archive/Actor_06/03-01-02-01-02-01-06.wav,calm
./drive/MyDrive/IEEE/archive/Actor_06/03-01-03-02-01-01-06.wav,happy
./drive/MyDrive/IEEE/archive/Actor_06/03-01-01-01-02-01-06.wav,neutral
./drive/MyDrive/IEEE/archive/Actor_06/03-01-03-01-02-02-06.wav,happy
./drive/MyDrive/IEEE/archive/Actor_06/03-01-01-01-01-02-06.wav,neutral
./drive/MyDrive/IEEE/archive/Actor_06/03-01-01-01-02-02-06.wav,neutral
./drive/MyDrive/IEEE/archive/Actor_06/03-01-02-02-02-01-06.wav,calm
./drive/MyDrive/IEEE/archive/Actor_06/03-01-02-02-01-01-06.wav,calm
./drive/MyDrive/IEEE/archive/Actor_06/03-01-03-01-02-01-06.wav,happy
./drive/MyDrive/IEEE/archive/Actor_06/03-01-03-01-01-01-06.wav,happy
./drive/MyDrive/IEEE/archive/Actor_06/03-01-07-02-02-01-06.wav,disgust
./drive/MyDrive/IEEE/archive/Actor_06/03-01-04-01-01-02-06.wav,sad
./drive/MyDrive/IEEE/archive/Actor_06/03-01-05-01-01-01-06.wav,angry
./drive/MyDrive/IEEE/archive/Actor_06/03-01-08-01-01-02-06.wav,surprised
./drive/MyDrive/IEEE/archive/Actor_06/03-01-06-02-02-01-06.wav,fear
./drive/MyDrive/IEEE/archive/Actor_06/03-01-04-01-02-01-06.wav,sad
./drive/MyDrive/IEEE/archive/Actor_06/03-01-07-01-01-01-06.wav,disgust
./drive/MyDrive/IEEE/archive/Actor_06/03-01-08-02-01-02-06.wav,surprised
./drive/MyDrive/IEEE/archive/Actor_06/03-01-05-02-01-01-06.wav,angry
./drive/MyDrive/IEEE/archive/Actor_06/03-01-08-01-02-02-06.wav,surprised
./drive/MyDrive/IEEE/archive/Actor_06/03-01-06-01-02-01-06.wav,fear
./drive/MyDrive/IEEE/archive/Actor_06/03-01-04-02-02-02-06.wav,sad
./drive/MyDrive/IEEE/archive/Actor_06/03-01-04-02-02-01-06.wav,sad
./drive/MyDrive/IEEE/archive/Actor_06/03-01-04-01-01-01-06.wav,sad
./drive/MyDrive/IEEE/archive/Actor_06/03-01-08-01-01-01-06.wav,surprised
./drive/MyDrive/IEEE/archive/Actor_06/03-01-05-02-01-02-06.wav,angry
./drive/MyDrive/IEEE/archive/Actor_06/03-01-03-02-02-02-06.wav,happy
./drive/MyDrive/IEEE/archive/Actor_06/03-01-05-01-02-01-06.wav,angry
./drive/MyDrive/IEEE/archive/Actor_06/03-01-08-02-02-01-06.wav,surprised
./drive/MyDrive/IEEE/archive/Actor_06/03-01-06-01-01-02-06.wav,fear
./drive/MyDrive/IEEE/archive/Actor_06/03-01-07-02-02-02-06.wav,disgust
./drive/MyDrive/IEEE/archive/Actor_06/03-01-06-02-01-02-06.wav,fear
./drive/MyDrive/IEEE/archive/Actor_06/03-01-07-01-02-02-06.wav,disgust
./drive/MyDrive/IEEE/archive/Actor_06/03-01-06-01-02-02-06.wav,fear
./drive/MyDrive/IEEE/archive/Actor_06/03-01-08-02-02-02-06.wav,surprised
./drive/MyDrive/IEEE/archive/Actor_06/03-01-05-01-02-02-06.wav,angry
./drive/MyDrive/IEEE/archive/Actor_06/03-01-07-01-02-01-06.wav,disgust
./drive/MyDrive/IEEE/archive/Actor_06/03-01-07-02-01-02-06.wav,disgust
./drive/MyDrive/IEEE/archive/Actor_06/03-01-08-02-01-01-06.wav,surprised
./drive/MyDrive/IEEE/archive/Actor_06/03-01-04-02-01-02-06.wav,sad
./drive/MyDrive/IEEE/archive/Actor_06/03-01-06-01-01-01-06.wav,fear
./drive/MyDrive/IEEE/archive/Actor_06/03-01-07-01-01-02-06.wav,disgust
./drive/MyDrive/IEEE/archive/Actor_06/03-01-03-02-02-01-06.wav,happy
./drive/MyDrive/IEEE/archive/Actor_06/03-01-05-01-01-02-06.wav,angry
./drive/MyDrive/IEEE/archive/Actor_06/03-01-06-02-01-01-06.wav,fear
./drive/MyDrive/IEEE/archive/Actor_06/03-01-04-01-02-02-06.wav,sad
./drive/MyDrive/IEEE/archive/Actor_06/03-01-05-02-02-01-06.wav,angry
./drive/MyDrive/IEEE/archive/Actor_06/03-01-06-02-02-02-06.wav,fear
./drive/MyDrive/IEEE/archive/Actor_06/03-01-08-01-02-01-06.wav,surprised
./drive/MyDrive/IEEE/archive/Actor_06/03-01-05-02-02-02-06.wav,angry
./drive/MyDrive/IEEE/archive/Actor_06/03-01-03-02-01-02-06.wav,happy
./drive/MyDrive/IEEE/archive/Actor_06/03-01-04-02-01-01-06.wav,sad
./drive/MyDrive/IEEE/archive/Actor_06/03-01-07-02-01-01-06.wav,disgust
./drive/MyDrive/IEEE/archive/Actor_07/03-01-02-01-02-02-07.wav,calm
./drive/MyDrive/IEEE/archive/Actor_07/03-01-01-01-01-01-07.wav,neutral
./drive/MyDrive/IEEE/archive/Actor_07/03-01-02-01-01-01-07.wav,calm
./drive/MyDrive/IEEE/archive/Actor_07/03-01-02-01-02-01-07.wav,calm
./drive/MyDrive/IEEE/archive/Actor_07/03-01-01-01-02-01-07.wav,neutral
./drive/MyDrive/IEEE/archive/Actor_07/03-01-02-01-01-02-07.wav,calm
./drive/MyDrive/IEEE/archive/Actor_07/03-01-01-01-01-02-07.wav,neutral
./drive/MyDrive/IEEE/archive/Actor_07/03-01-01-01-02-02-07.wav,neutral
./drive/MyDrive/IEEE/archive/Actor_07/03-01-04-02-02-01-07.wav,sad
./drive/MyDrive/IEEE/archive/Actor_07/03-01-02-02-02-01-07.wav,calm
./drive/MyDrive/IEEE/archive/Actor_07/03-01-07-02-01-01-07.wav,disgust
./drive/MyDrive/IEEE/archive/Actor_07/03-01-04-02-01-01-07.wav,sad
./drive/MyDrive/IEEE/archive/Actor_07/03-01-05-01-02-02-07.wav,angry
./drive/MyDrive/IEEE/archive/Actor_07/03-01-04-02-01-02-07.wav,sad
./drive/MyDrive/IEEE/archive/Actor_07/03-01-06-02-02-01-07.wav,fear
./drive/MyDrive/IEEE/archive/Actor_07/03-01-04-01-01-01-07.wav,sad
./drive/MyDrive/IEEE/archive/Actor_07/03-01-03-02-01-02-07.wav,happy
./drive/MyDrive/IEEE/archive/Actor_07/03-01-02-02-02-02-07.wav,calm
./drive/MyDrive/IEEE/archive/Actor_07/03-01-07-01-01-01-07.wav,disgust
./drive/MyDrive/IEEE/archive/Actor_07/03-01-04-01-02-02-07.wav,sad
./drive/MyDrive/IEEE/archive/Actor_07/03-01-07-01-01-02-07.wav,disgust
./drive/MyDrive/IEEE/archive/Actor_07/03-01-05-02-01-01-07.wav,angry
./drive/MyDrive/IEEE/archive/Actor_07/03-01-03-01-01-01-07.wav,happy
./drive/MyDrive/IEEE/archive/Actor_07/03-01-06-02-01-01-07.wav,fear
./drive/MyDrive/IEEE/archive/Actor_07/03-01-04-01-01-02-07.wav,sad
./drive/MyDrive/IEEE/archive/Actor_07/03-01-06-02-02-02-07.wav,fear
./drive/MyDrive/IEEE/archive/Actor_07/03-01-05-02-02-01-07.wav,angry
./drive/MyDrive/IEEE/archive/Actor_07/03-01-07-02-02-02-07.wav,disgust
./drive/MyDrive/IEEE/archive/Actor_07/03-01-05-01-01-01-07.wav,angry
./drive/MyDrive/IEEE/archive/Actor_07/03-01-04-02-02-02-07.wav,sad
./drive/MyDrive/IEEE/archive/Actor_07/03-01-06-01-01-01-07.wav,fear
./drive/MyDrive/IEEE/archive/Actor_07/03-01-02-02-01-01-07.wav,calm
./drive/MyDrive/IEEE/archive/Actor_07/03-01-06-01-02-02-07.wav,fear
./drive/MyDrive/IEEE/archive/Actor_07/03-01-03-02-02-01-07.wav,happy
./drive/MyDrive/IEEE/archive/Actor_07/03-01-07-02-02-01-07.wav,disgust
./drive/MyDrive/IEEE/archive/Actor_07/03-01-06-02-01-02-07.wav,fear
./drive/MyDrive/IEEE/archive/Actor_07/03-01-06-01-01-02-07.wav,fear
./drive/MyDrive/IEEE/archive/Actor_07/03-01-08-02-01-01-07.wav,surprised
./drive/MyDrive/IEEE/archive/Actor_07/03-01-05-01-01-02-07.wav,angry
./drive/MyDrive/IEEE/archive/Actor_07/03-01-05-01-02-01-07.wav,angry
./drive/MyDrive/IEEE/archive/Actor_07/03-01-03-01-02-02-07.wav,happy
./drive/MyDrive/IEEE/archive/Actor_07/03-01-07-01-02-01-07.wav,disgust
./drive/MyDrive/IEEE/archive/Actor_07/03-01-08-01-02-01-07.wav,surprised
./drive/MyDrive/IEEE/archive/Actor_07/03-01-07-01-02-02-07.wav,disgust
./drive/MyDrive/IEEE/archive/Actor_07/03-01-05-02-01-02-07.wav,angry
./drive/MyDrive/IEEE/archive/Actor_07/03-01-03-02-01-01-07.wav,happy
./drive/MyDrive/IEEE/archive/Actor_07/03-01-03-01-02-01-07.wav,happy
./drive/MyDrive/IEEE/archive/Actor_07/03-01-02-02-01-02-07.wav,calm
./drive/MyDrive/IEEE/archive/Actor_07/03-01-05-02-02-02-07.wav,angry
./drive/MyDrive/IEEE/archive/Actor_07/03-01-03-02-02-02-07.wav,happy
./drive/MyDrive/IEEE/archive/Actor_07/03-01-08-01-01-02-07.wav,surprised
./drive/MyDrive/IEEE/archive/Actor_07/03-01-08-01-01-01-07.wav,surprised
./drive/MyDrive/IEEE/archive/Actor_07/03-01-03-01-01-02-07.wav,happy
./drive/MyDrive/IEEE/archive/Actor_07/03-01-08-02-01-02-07.wav,surprised
./drive/MyDrive/IEEE/archive/Actor_07/03-01-08-01-02-02-07.wav,surprised
./drive/MyDrive/IEEE/archive/Actor_07/03-01-07-02-01-02-07.wav,disgust
./drive/MyDrive/IEEE/archive/Actor_07/03-01-04-01-02-01-07.wav,sad
./drive/MyDrive/IEEE/archive/Actor_07/03-01-06-01-02-01-07.wav,fear
./drive/MyDrive/IEEE/archive/Actor_07/03-01-08-02-02-01-07.wav,surprised
./drive/MyDrive/IEEE/archive/Actor_07/03-01-08-02-02-02-07.wav,surprised
./drive/MyDrive/IEEE/archive/Actor_03/03-01-03-02-02-02-03.wav,happy
./drive/MyDrive/IEEE/archive/Actor_03/03-01-02-01-01-02-03.wav,calm
./drive/MyDrive/IEEE/archive/Actor_03/03-01-05-01-02-02-03.wav,angry
./drive/MyDrive/IEEE/archive/Actor_03/03-01-02-02-01-02-03.wav,calm
./drive/MyDrive/IEEE/archive/Actor_03/03-01-02-01-01-01-03.wav,calm
./drive/MyDrive/IEEE/archive/Actor_03/03-01-03-01-01-01-03.wav,happy
./drive/MyDrive/IEEE/archive/Actor_03/03-01-01-01-02-02-03.wav,neutral
./drive/MyDrive/IEEE/archive/Actor_03/03-01-05-02-02-02-03.wav,angry
./drive/MyDrive/IEEE/archive/Actor_03/03-01-03-02-01-01-03.wav,happy
./drive/MyDrive/IEEE/archive/Actor_03/03-01-04-01-01-01-03.wav,sad
./drive/MyDrive/IEEE/archive/Actor_03/03-01-04-02-02-02-03.wav,sad
./drive/MyDrive/IEEE/archive/Actor_03/03-01-02-01-02-01-03.wav,calm
./drive/MyDrive/IEEE/archive/Actor_03/03-01-04-01-02-01-03.wav,sad
./drive/MyDrive/IEEE/archive/Actor_03/03-01-03-02-02-01-03.wav,happy
./drive/MyDrive/IEEE/archive/Actor_03/03-01-05-02-01-02-03.wav,angry
./drive/MyDrive/IEEE/archive/Actor_03/03-01-03-01-02-01-03.wav,happy
./drive/MyDrive/IEEE/archive/Actor_03/03-01-01-01-01-01-03.wav,neutral
./drive/MyDrive/IEEE/archive/Actor_03/03-01-02-02-02-02-03.wav,calm
./drive/MyDrive/IEEE/archive/Actor_03/03-01-04-02-01-01-03.wav,sad
./drive/MyDrive/IEEE/archive/Actor_03/03-01-02-01-02-02-03.wav,calm
./drive/MyDrive/IEEE/archive/Actor_03/03-01-05-01-02-01-03.wav,angry
./drive/MyDrive/IEEE/archive/Actor_03/03-01-03-02-01-02-03.wav,happy
./drive/MyDrive/IEEE/archive/Actor_03/03-01-04-02-02-01-03.wav,sad
./drive/MyDrive/IEEE/archive/Actor_03/03-01-03-01-01-02-03.wav,happy
./drive/MyDrive/IEEE/archive/Actor_03/03-01-04-01-01-02-03.wav,sad
./drive/MyDrive/IEEE/archive/Actor_03/03-01-01-01-01-02-03.wav,neutral
./drive/MyDrive/IEEE/archive/Actor_03/03-01-01-01-02-01-03.wav,neutral
./drive/MyDrive/IEEE/archive/Actor_03/03-01-02-02-01-01-03.wav,calm
./drive/MyDrive/IEEE/archive/Actor_03/03-01-05-02-02-01-03.wav,angry
./drive/MyDrive/IEEE/archive/Actor_03/03-01-02-02-02-01-03.wav,calm
./drive/MyDrive/IEEE/archive/Actor_03/03-01-05-02-01-01-03.wav,angry
./drive/MyDrive/IEEE/archive/Actor_03/03-01-04-02-01-02-03.wav,sad
./drive/MyDrive/IEEE/archive/Actor_03/03-01-05-01-01-02-03.wav,angry
./drive/MyDrive/IEEE/archive/Actor_03/03-01-04-01-02-02-03.wav,sad
./drive/MyDrive/IEEE/archive/Actor_03/03-01-03-01-02-02-03.wav,happy
./drive/MyDrive/IEEE/archive/Actor_03/03-01-05-01-01-01-03.wav,angry
./drive/MyDrive/IEEE/archive/Actor_03/03-01-07-02-01-02-03.wav,disgust
./drive/MyDrive/IEEE/archive/Actor_03/03-01-07-01-01-02-03.wav,disgust
./drive/MyDrive/IEEE/archive/Actor_03/03-01-08-02-01-01-03.wav,surprised
./drive/MyDrive/IEEE/archive/Actor_03/03-01-06-02-01-01-03.wav,fear
./drive/MyDrive/IEEE/archive/Actor_03/03-01-06-01-02-01-03.wav,fear
./drive/MyDrive/IEEE/archive/Actor_03/03-01-08-02-01-02-03.wav,surprised
./drive/MyDrive/IEEE/archive/Actor_03/03-01-08-01-01-02-03.wav,surprised
./drive/MyDrive/IEEE/archive/Actor_03/03-01-08-01-02-01-03.wav,surprised
./drive/MyDrive/IEEE/archive/Actor_03/03-01-06-01-02-02-03.wav,fear
./drive/MyDrive/IEEE/archive/Actor_03/03-01-07-01-02-01-03.wav,disgust
./drive/MyDrive/IEEE/archive/Actor_03/03-01-07-02-01-01-03.wav,disgust
./drive/MyDrive/IEEE/archive/Actor_03/03-01-06-01-01-01-03.wav,fear
./drive/MyDrive/IEEE/archive/Actor_03/03-01-06-02-02-01-03.wav,fear
./drive/MyDrive/IEEE/archive/Actor_03/03-01-08-02-02-01-03.wav,surprised
./drive/MyDrive/IEEE/archive/Actor_03/03-01-08-01-01-01-03.wav,surprised
./drive/MyDrive/IEEE/archive/Actor_03/03-01-07-01-02-02-03.wav,disgust
./drive/MyDrive/IEEE/archive/Actor_03/03-01-06-01-01-02-03.wav,fear
./drive/MyDrive/IEEE/archive/Actor_03/03-01-06-02-01-02-03.wav,fear
./drive/MyDrive/IEEE/archive/Actor_03/03-01-07-02-02-02-03.wav,disgust
./drive/MyDrive/IEEE/archive/Actor_03/03-01-07-01-01-01-03.wav,disgust
./drive/MyDrive/IEEE/archive/Actor_03/03-01-08-01-02-02-03.wav,surprised
./drive/MyDrive/IEEE/archive/Actor_03/03-01-08-02-02-02-03.wav,surprised
./drive/MyDrive/IEEE/archive/Actor_03/03-01-06-02-02-02-03.wav,fear
./drive/MyDrive/IEEE/archive/Actor_03/03-01-07-02-02-01-03.wav,disgust
./drive/MyDrive/IEEE/archive/Actor_01/03-01-01-01-01-01-01.wav,neutral
./drive/MyDrive/IEEE/archive/Actor_01/03-01-01-01-01-02-01.wav,neutral
./drive/MyDrive/IEEE/archive/Actor_01/03-01-02-01-01-01-01.wav,calm
./drive/MyDrive/IEEE/archive/Actor_01/03-01-02-01-02-01-01.wav,calm
./drive/MyDrive/IEEE/archive/Actor_01/03-01-01-01-02-01-01.wav,neutral
./drive/MyDrive/IEEE/archive/Actor_01/03-01-02-01-01-02-01.wav,calm
./drive/MyDrive/IEEE/archive/Actor_01/03-01-01-01-02-02-01.wav,neutral
./drive/MyDrive/IEEE/archive/Actor_01/03-01-02-02-02-02-01.wav,calm
./drive/MyDrive/IEEE/archive/Actor_01/03-01-02-01-02-02-01.wav,calm
./drive/MyDrive/IEEE/archive/Actor_01/03-01-02-02-01-01-01.wav,calm
./drive/MyDrive/IEEE/archive/Actor_01/03-01-02-02-02-01-01.wav,calm
./drive/MyDrive/IEEE/archive/Actor_01/03-01-03-01-01-01-01.wav,happy
./drive/MyDrive/IEEE/archive/Actor_01/03-01-02-02-01-02-01.wav,calm
./drive/MyDrive/IEEE/archive/Actor_01/03-01-03-01-02-02-01.wav,happy
./drive/MyDrive/IEEE/archive/Actor_01/03-01-03-02-01-01-01.wav,happy
./drive/MyDrive/IEEE/archive/Actor_01/03-01-03-02-01-02-01.wav,happy
./drive/MyDrive/IEEE/archive/Actor_01/03-01-03-01-02-01-01.wav,happy
./drive/MyDrive/IEEE/archive/Actor_01/03-01-03-01-01-02-01.wav,happy
./drive/MyDrive/IEEE/archive/Actor_01/03-01-03-02-02-02-01.wav,happy
./drive/MyDrive/IEEE/archive/Actor_01/03-01-04-01-01-01-01.wav,sad
./drive/MyDrive/IEEE/archive/Actor_01/03-01-04-01-02-02-01.wav,sad
./drive/MyDrive/IEEE/archive/Actor_01/03-01-03-02-02-01-01.wav,happy
./drive/MyDrive/IEEE/archive/Actor_01/03-01-04-01-01-02-01.wav,sad
./drive/MyDrive/IEEE/archive/Actor_01/03-01-04-02-01-01-01.wav,sad
./drive/MyDrive/IEEE/archive/Actor_01/03-01-04-01-02-01-01.wav,sad
./drive/MyDrive/IEEE/archive/Actor_01/03-01-04-02-02-02-01.wav,sad
./drive/MyDrive/IEEE/archive/Actor_01/03-01-04-02-01-02-01.wav,sad
./drive/MyDrive/IEEE/archive/Actor_01/03-01-05-01-01-01-01.wav,angry
./drive/MyDrive/IEEE/archive/Actor_01/03-01-04-02-02-01-01.wav,sad
./drive/MyDrive/IEEE/archive/Actor_01/03-01-06-02-01-02-01.wav,fear
./drive/MyDrive/IEEE/archive/Actor_01/03-01-08-02-02-01-01.wav,surprised
./drive/MyDrive/IEEE/archive/Actor_01/03-01-08-01-01-02-01.wav,surprised
./drive/MyDrive/IEEE/archive/Actor_01/03-01-05-02-02-01-01.wav,angry
./drive/MyDrive/IEEE/archive/Actor_01/03-01-05-02-01-01-01.wav,angry
./drive/MyDrive/IEEE/archive/Actor_01/03-01-06-01-02-01-01.wav,fear
./drive/MyDrive/IEEE/archive/Actor_01/03-01-06-02-02-02-01.wav,fear
./drive/MyDrive/IEEE/archive/Actor_01/03-01-07-01-02-02-01.wav,disgust
./drive/MyDrive/IEEE/archive/Actor_01/03-01-05-01-02-02-01.wav,angry
./drive/MyDrive/IEEE/archive/Actor_01/03-01-07-02-02-02-01.wav,disgust
./drive/MyDrive/IEEE/archive/Actor_01/03-01-06-01-01-02-01.wav,fear
./drive/MyDrive/IEEE/archive/Actor_01/03-01-08-02-01-01-01.wav,surprised
./drive/MyDrive/IEEE/archive/Actor_01/03-01-05-02-01-02-01.wav,angry
./drive/MyDrive/IEEE/archive/Actor_01/03-01-08-02-02-02-01.wav,surprised
./drive/MyDrive/IEEE/archive/Actor_01/03-01-08-01-02-02-01.wav,surprised
./drive/MyDrive/IEEE/archive/Actor_01/03-01-06-02-02-01-01.wav,fear
./drive/MyDrive/IEEE/archive/Actor_01/03-01-05-01-01-02-01.wav,angry
./drive/MyDrive/IEEE/archive/Actor_01/03-01-08-01-01-01-01.wav,surprised
./drive/MyDrive/IEEE/archive/Actor_01/03-01-07-01-01-02-01.wav,disgust
./drive/MyDrive/IEEE/archive/Actor_01/03-01-07-02-01-01-01.wav,disgust
./drive/MyDrive/IEEE/archive/Actor_01/03-01-07-01-01-01-01.wav,disgust
./drive/MyDrive/IEEE/archive/Actor_01/03-01-05-02-02-02-01.wav,angry
./drive/MyDrive/IEEE/archive/Actor_01/03-01-06-01-02-02-01.wav,fear
./drive/MyDrive/IEEE/archive/Actor_01/03-01-08-02-01-02-01.wav,surprised
./drive/MyDrive/IEEE/archive/Actor_01/03-01-07-01-02-01-01.wav,disgust
./drive/MyDrive/IEEE/archive/Actor_01/03-01-07-02-02-01-01.wav,disgust
./drive/MyDrive/IEEE/archive/Actor_01/03-01-08-01-02-01-01.wav,surprised
./drive/MyDrive/IEEE/archive/Actor_01/03-01-06-01-01-01-01.wav,fear
./drive/MyDrive/IEEE/archive/Actor_01/03-01-07-02-01-02-01.wav,disgust
./drive/MyDrive/IEEE/archive/Actor_01/03-01-06-02-01-01-01.wav,fear
./drive/MyDrive/IEEE/archive/Actor_01/03-01-05-01-02-01-01.wav,angry
./drive/MyDrive/IEEE/archive/Actor_13/03-01-03-02-02-02-13.wav,happy
./drive/MyDrive/IEEE/archive/Actor_13/03-01-03-01-01-02-13.wav,happy
./drive/MyDrive/IEEE/archive/Actor_13/03-01-04-01-01-02-13.wav,sad
./drive/MyDrive/IEEE/archive/Actor_13/03-01-04-01-01-01-13.wav,sad
./drive/MyDrive/IEEE/archive/Actor_13/03-01-06-02-01-01-13.wav,fear
./drive/MyDrive/IEEE/archive/Actor_13/03-01-05-02-01-01-13.wav,angry
./drive/MyDrive/IEEE/archive/Actor_13/03-01-04-02-01-02-13.wav,sad
./drive/MyDrive/IEEE/archive/Actor_13/03-01-02-01-02-02-13.wav,calm
./drive/MyDrive/IEEE/archive/Actor_13/03-01-03-02-02-01-13.wav,happy
./drive/MyDrive/IEEE/archive/Actor_13/03-01-02-01-01-02-13.wav,calm
./drive/MyDrive/IEEE/archive/Actor_13/03-01-03-01-02-02-13.wav,happy
./drive/MyDrive/IEEE/archive/Actor_13/03-01-04-02-02-01-13.wav,sad
./drive/MyDrive/IEEE/archive/Actor_13/03-01-05-01-02-02-13.wav,angry
./drive/MyDrive/IEEE/archive/Actor_13/03-01-01-01-02-01-13.wav,neutral
./drive/MyDrive/IEEE/archive/Actor_13/03-01-02-02-02-02-13.wav,calm
./drive/MyDrive/IEEE/archive/Actor_13/03-01-02-01-02-01-13.wav,calm
./drive/MyDrive/IEEE/archive/Actor_13/03-01-05-01-02-01-13.wav,angry
./drive/MyDrive/IEEE/archive/Actor_13/03-01-03-01-01-01-13.wav,happy
./drive/MyDrive/IEEE/archive/Actor_13/03-01-04-02-01-01-13.wav,sad
./drive/MyDrive/IEEE/archive/Actor_13/03-01-05-01-01-01-13.wav,angry
./drive/MyDrive/IEEE/archive/Actor_13/03-01-01-01-01-02-13.wav,neutral
./drive/MyDrive/IEEE/archive/Actor_13/03-01-02-02-01-01-13.wav,calm
./drive/MyDrive/IEEE/archive/Actor_13/03-01-05-02-02-01-13.wav,angry
./drive/MyDrive/IEEE/archive/Actor_13/03-01-06-01-01-02-13.wav,fear
./drive/MyDrive/IEEE/archive/Actor_13/03-01-01-01-01-01-13.wav,neutral
./drive/MyDrive/IEEE/archive/Actor_13/03-01-03-01-02-01-13.wav,happy
./drive/MyDrive/IEEE/archive/Actor_13/03-01-02-01-01-01-13.wav,calm
./drive/MyDrive/IEEE/archive/Actor_13/03-01-01-01-02-02-13.wav,neutral
./drive/MyDrive/IEEE/archive/Actor_13/03-01-05-02-01-02-13.wav,angry
./drive/MyDrive/IEEE/archive/Actor_13/03-01-07-02-02-02-13.wav,disgust
./drive/MyDrive/IEEE/archive/Actor_13/03-01-07-01-01-02-13.wav,disgust
./drive/MyDrive/IEEE/archive/Actor_13/03-01-02-02-02-01-13.wav,calm
./drive/MyDrive/IEEE/archive/Actor_13/03-01-07-01-02-01-13.wav,disgust
./drive/MyDrive/IEEE/archive/Actor_13/03-01-05-02-02-02-13.wav,angry
./drive/MyDrive/IEEE/archive/Actor_13/03-01-07-01-02-02-13.wav,disgust
./drive/MyDrive/IEEE/archive/Actor_13/03-01-05-01-01-02-13.wav,angry
./drive/MyDrive/IEEE/archive/Actor_13/03-01-08-01-01-01-13.wav,surprised
./drive/MyDrive/IEEE/archive/Actor_13/03-01-06-02-02-01-13.wav,fear
./drive/MyDrive/IEEE/archive/Actor_13/03-01-06-01-02-02-13.wav,fear
./drive/MyDrive/IEEE/archive/Actor_13/03-01-07-02-01-01-13.wav,disgust
./drive/MyDrive/IEEE/archive/Actor_13/03-01-04-01-02-01-13.wav,sad
./drive/MyDrive/IEEE/archive/Actor_13/03-01-07-01-01-01-13.wav,disgust
./drive/MyDrive/IEEE/archive/Actor_13/03-01-03-02-01-01-13.wav,happy
./drive/MyDrive/IEEE/archive/Actor_13/03-01-04-01-02-02-13.wav,sad
./drive/MyDrive/IEEE/archive/Actor_13/03-01-06-02-02-02-13.wav,fear
./drive/MyDrive/IEEE/archive/Actor_13/03-01-07-02-01-02-13.wav,disgust
./drive/MyDrive/IEEE/archive/Actor_13/03-01-03-02-01-02-13.wav,happy
./drive/MyDrive/IEEE/archive/Actor_13/03-01-06-02-01-02-13.wav,fear
./drive/MyDrive/IEEE/archive/Actor_13/03-01-06-01-01-01-13.wav,fear
./drive/MyDrive/IEEE/archive/Actor_13/03-01-02-02-01-02-13.wav,calm
./drive/MyDrive/IEEE/archive/Actor_13/03-01-07-02-02-01-13.wav,disgust
./drive/MyDrive/IEEE/archive/Actor_13/03-01-04-02-02-02-13.wav,sad
./drive/MyDrive/IEEE/archive/Actor_13/03-01-06-01-02-01-13.wav,fear
./drive/MyDrive/IEEE/archive/Actor_13/03-01-08-02-02-02-13.wav,surprised
./drive/MyDrive/IEEE/archive/Actor_13/03-01-08-01-02-01-13.wav,surprised
./drive/MyDrive/IEEE/archive/Actor_13/03-01-08-01-02-02-13.wav,surprised
./drive/MyDrive/IEEE/archive/Actor_13/03-01-08-01-01-02-13.wav,surprised
./drive/MyDrive/IEEE/archive/Actor_13/03-01-08-02-01-02-13.wav,surprised
./drive/MyDrive/IEEE/archive/Actor_13/03-01-08-02-02-01-13.wav,surprised
./drive/MyDrive/IEEE/archive/Actor_13/03-01-08-02-01-01-13.wav,surprised
./drive/MyDrive/IEEE/archive/Actor_14/03-01-02-02-01-01-14.wav,calm
./drive/MyDrive/IEEE/archive/Actor_14/03-01-05-01-02-01-14.wav,angry
./drive/MyDrive/IEEE/archive/Actor_14/03-01-02-01-01-02-14.wav,calm
./drive/MyDrive/IEEE/archive/Actor_14/03-01-03-02-02-01-14.wav,happy
./drive/MyDrive/IEEE/archive/Actor_14/03-01-07-02-01-02-14.wav,disgust
./drive/MyDrive/IEEE/archive/Actor_14/03-01-04-01-02-02-14.wav,sad
./drive/MyDrive/IEEE/archive/Actor_14/03-01-06-02-02-02-14.wav,fear
./drive/MyDrive/IEEE/archive/Actor_14/03-01-05-02-01-02-14.wav,angry
./drive/MyDrive/IEEE/archive/Actor_14/03-01-05-01-01-02-14.wav,angry
./drive/MyDrive/IEEE/archive/Actor_14/03-01-07-01-02-02-14.wav,disgust
./drive/MyDrive/IEEE/archive/Actor_14/03-01-02-01-02-02-14.wav,calm
./drive/MyDrive/IEEE/archive/Actor_14/03-01-06-01-01-02-14.wav,fear
./drive/MyDrive/IEEE/archive/Actor_14/03-01-01-01-02-02-14.wav,neutral
./drive/MyDrive/IEEE/archive/Actor_14/03-01-01-01-01-01-14.wav,neutral
./drive/MyDrive/IEEE/archive/Actor_14/03-01-04-02-02-02-14.wav,sad
./drive/MyDrive/IEEE/archive/Actor_14/03-01-07-01-02-01-14.wav,disgust
./drive/MyDrive/IEEE/archive/Actor_14/03-01-01-01-01-02-14.wav,neutral
./drive/MyDrive/IEEE/archive/Actor_14/03-01-07-01-01-01-14.wav,disgust
./drive/MyDrive/IEEE/archive/Actor_14/03-01-04-01-01-02-14.wav,sad
./drive/MyDrive/IEEE/archive/Actor_14/03-01-03-01-01-01-14.wav,happy
./drive/MyDrive/IEEE/archive/Actor_14/03-01-04-01-01-01-14.wav,sad
./drive/MyDrive/IEEE/archive/Actor_14/03-01-02-02-02-01-14.wav,calm
./drive/MyDrive/IEEE/archive/Actor_14/03-01-02-02-01-02-14.wav,calm
./drive/MyDrive/IEEE/archive/Actor_14/03-01-03-02-01-01-14.wav,happy
./drive/MyDrive/IEEE/archive/Actor_14/03-01-02-01-01-01-14.wav,calm
./drive/MyDrive/IEEE/archive/Actor_14/03-01-03-01-02-02-14.wav,happy
./drive/MyDrive/IEEE/archive/Actor_14/03-01-07-02-02-01-14.wav,disgust
./drive/MyDrive/IEEE/archive/Actor_14/03-01-07-02-01-01-14.wav,disgust
./drive/MyDrive/IEEE/archive/Actor_14/03-01-06-01-02-01-14.wav,fear
./drive/MyDrive/IEEE/archive/Actor_14/03-01-03-02-02-02-14.wav,happy
./drive/MyDrive/IEEE/archive/Actor_14/03-01-03-01-01-02-14.wav,happy
./drive/MyDrive/IEEE/archive/Actor_14/03-01-04-02-02-01-14.wav,sad
./drive/MyDrive/IEEE/archive/Actor_14/03-01-06-01-01-01-14.wav,fear
./drive/MyDrive/IEEE/archive/Actor_14/03-01-06-02-01-02-14.wav,fear
./drive/MyDrive/IEEE/archive/Actor_14/03-01-03-01-02-01-14.wav,happy
./drive/MyDrive/IEEE/archive/Actor_14/03-01-06-02-02-01-14.wav,fear
./drive/MyDrive/IEEE/archive/Actor_14/03-01-06-01-02-02-14.wav,fear
./drive/MyDrive/IEEE/archive/Actor_14/03-01-04-02-01-02-14.wav,sad
./drive/MyDrive/IEEE/archive/Actor_14/03-01-01-01-02-01-14.wav,neutral
./drive/MyDrive/IEEE/archive/Actor_14/03-01-07-01-01-02-14.wav,disgust
./drive/MyDrive/IEEE/archive/Actor_14/03-01-04-02-01-01-14.wav,sad
./drive/MyDrive/IEEE/archive/Actor_14/03-01-02-02-02-02-14.wav,calm
./drive/MyDrive/IEEE/archive/Actor_14/03-01-02-01-02-01-14.wav,calm
./drive/MyDrive/IEEE/archive/Actor_14/03-01-03-02-01-02-14.wav,happy
./drive/MyDrive/IEEE/archive/Actor_14/03-01-05-02-01-01-14.wav,angry
./drive/MyDrive/IEEE/archive/Actor_14/03-01-05-01-02-02-14.wav,angry
./drive/MyDrive/IEEE/archive/Actor_14/03-01-06-02-01-01-14.wav,fear
./drive/MyDrive/IEEE/archive/Actor_14/03-01-04-01-02-01-14.wav,sad
./drive/MyDrive/IEEE/archive/Actor_14/03-01-05-02-02-02-14.wav,angry
./drive/MyDrive/IEEE/archive/Actor_14/03-01-05-01-01-01-14.wav,angry
./drive/MyDrive/IEEE/archive/Actor_14/03-01-05-02-02-01-14.wav,angry
./drive/MyDrive/IEEE/archive/Actor_14/03-01-08-01-01-02-14.wav,surprised
./drive/MyDrive/IEEE/archive/Actor_14/03-01-07-02-02-02-14.wav,disgust
./drive/MyDrive/IEEE/archive/Actor_14/03-01-08-01-02-01-14.wav,surprised
./drive/MyDrive/IEEE/archive/Actor_14/03-01-08-01-01-01-14.wav,surprised
./drive/MyDrive/IEEE/archive/Actor_14/03-01-08-02-02-02-14.wav,surprised
./drive/MyDrive/IEEE/archive/Actor_14/03-01-08-02-01-02-14.wav,surprised
./drive/MyDrive/IEEE/archive/Actor_14/03-01-08-02-01-01-14.wav,surprised
./drive/MyDrive/IEEE/archive/Actor_14/03-01-08-01-02-02-14.wav,surprised
./drive/MyDrive/IEEE/archive/Actor_14/03-01-08-02-02-01-14.wav,surprised
./drive/MyDrive/IEEE/archive/Actor_10/03-01-04-01-02-01-10.wav,sad
./drive/MyDrive/IEEE/archive/Actor_10/03-01-03-01-02-01-10.wav,happy
./drive/MyDrive/IEEE/archive/Actor_10/03-01-04-02-01-02-10.wav,sad
./drive/MyDrive/IEEE/archive/Actor_10/03-01-01-01-01-01-10.wav,neutral
./drive/MyDrive/IEEE/archive/Actor_10/03-01-04-02-02-01-10.wav,sad
./drive/MyDrive/IEEE/archive/Actor_10/03-01-03-02-02-02-10.wav,happy
./drive/MyDrive/IEEE/archive/Actor_10/03-01-01-01-02-02-10.wav,neutral
./drive/MyDrive/IEEE/archive/Actor_10/03-01-02-02-01-01-10.wav,calm
./drive/MyDrive/IEEE/archive/Actor_10/03-01-03-02-01-01-10.wav,happy
./drive/MyDrive/IEEE/archive/Actor_10/03-01-03-02-01-02-10.wav,happy
./drive/MyDrive/IEEE/archive/Actor_10/03-01-03-02-02-01-10.wav,happy
./drive/MyDrive/IEEE/archive/Actor_10/03-01-01-01-02-01-10.wav,neutral
./drive/MyDrive/IEEE/archive/Actor_10/03-01-02-02-02-01-10.wav,calm
./drive/MyDrive/IEEE/archive/Actor_10/03-01-03-01-02-02-10.wav,happy
./drive/MyDrive/IEEE/archive/Actor_10/03-01-04-01-01-01-10.wav,sad
./drive/MyDrive/IEEE/archive/Actor_10/03-01-02-02-02-02-10.wav,calm
./drive/MyDrive/IEEE/archive/Actor_10/03-01-04-01-02-02-10.wav,sad
./drive/MyDrive/IEEE/archive/Actor_10/03-01-02-01-01-01-10.wav,calm
./drive/MyDrive/IEEE/archive/Actor_10/03-01-02-01-02-01-10.wav,calm
./drive/MyDrive/IEEE/archive/Actor_10/03-01-02-02-01-02-10.wav,calm
./drive/MyDrive/IEEE/archive/Actor_10/03-01-03-01-01-02-10.wav,happy
./drive/MyDrive/IEEE/archive/Actor_10/03-01-04-01-01-02-10.wav,sad
./drive/MyDrive/IEEE/archive/Actor_10/03-01-02-01-01-02-10.wav,calm
./drive/MyDrive/IEEE/archive/Actor_10/03-01-03-01-01-01-10.wav,happy
./drive/MyDrive/IEEE/archive/Actor_10/03-01-01-01-01-02-10.wav,neutral
./drive/MyDrive/IEEE/archive/Actor_10/03-01-04-02-01-01-10.wav,sad
./drive/MyDrive/IEEE/archive/Actor_10/03-01-02-01-02-02-10.wav,calm
./drive/MyDrive/IEEE/archive/Actor_10/03-01-06-01-01-01-10.wav,fear
./drive/MyDrive/IEEE/archive/Actor_10/03-01-04-02-02-02-10.wav,sad
./drive/MyDrive/IEEE/archive/Actor_10/03-01-08-02-02-01-10.wav,surprised
./drive/MyDrive/IEEE/archive/Actor_10/03-01-07-02-02-02-10.wav,disgust
./drive/MyDrive/IEEE/archive/Actor_10/03-01-06-01-01-02-10.wav,fear
./drive/MyDrive/IEEE/archive/Actor_10/03-01-08-01-01-01-10.wav,surprised
./drive/MyDrive/IEEE/archive/Actor_10/03-01-05-02-02-01-10.wav,angry
./drive/MyDrive/IEEE/archive/Actor_10/03-01-08-01-01-02-10.wav,surprised
./drive/MyDrive/IEEE/archive/Actor_10/03-01-05-02-02-02-10.wav,angry
./drive/MyDrive/IEEE/archive/Actor_10/03-01-07-01-02-02-10.wav,disgust
./drive/MyDrive/IEEE/archive/Actor_10/03-01-06-02-02-02-10.wav,fear
./drive/MyDrive/IEEE/archive/Actor_10/03-01-06-01-02-02-10.wav,fear
./drive/MyDrive/IEEE/archive/Actor_10/03-01-05-01-01-02-10.wav,angry
./drive/MyDrive/IEEE/archive/Actor_10/03-01-05-02-01-02-10.wav,angry
./drive/MyDrive/IEEE/archive/Actor_10/03-01-06-02-02-01-10.wav,fear
./drive/MyDrive/IEEE/archive/Actor_10/03-01-07-02-02-01-10.wav,disgust
./drive/MyDrive/IEEE/archive/Actor_10/03-01-07-02-01-02-10.wav,disgust
./drive/MyDrive/IEEE/archive/Actor_10/03-01-07-01-01-01-10.wav,disgust
./drive/MyDrive/IEEE/archive/Actor_10/03-01-07-01-01-02-10.wav,disgust
./drive/MyDrive/IEEE/archive/Actor_10/03-01-05-02-01-01-10.wav,angry
./drive/MyDrive/IEEE/archive/Actor_10/03-01-07-02-01-01-10.wav,disgust
./drive/MyDrive/IEEE/archive/Actor_10/03-01-08-01-02-01-10.wav,surprised
./drive/MyDrive/IEEE/archive/Actor_10/03-01-08-01-02-02-10.wav,surprised
./drive/MyDrive/IEEE/archive/Actor_10/03-01-05-01-02-01-10.wav,angry
./drive/MyDrive/IEEE/archive/Actor_10/03-01-08-02-02-02-10.wav,surprised
./drive/MyDrive/IEEE/archive/Actor_10/03-01-05-01-01-01-10.wav,angry
./drive/MyDrive/IEEE/archive/Actor_10/03-01-07-01-02-01-10.wav,disgust
./drive/MyDrive/IEEE/archive/Actor_10/03-01-06-01-02-01-10.wav,fear
./drive/MyDrive/IEEE/archive/Actor_10/03-01-08-02-01-02-10.wav,surprised
./drive/MyDrive/IEEE/archive/Actor_10/03-01-08-02-01-01-10.wav,surprised
./drive/MyDrive/IEEE/archive/Actor_10/03-01-05-01-02-02-10.wav,angry
./drive/MyDrive/IEEE/archive/Actor_10/03-01-06-02-01-02-10.wav,fear
./drive/MyDrive/IEEE/archive/Actor_10/03-01-06-02-01-01-10.wav,fear
./drive/MyDrive/IEEE/archive/Actor_24/03-01-04-01-01-01-24.wav,sad
./drive/MyDrive/IEEE/archive/Actor_24/03-01-03-02-01-02-24.wav,happy
./drive/MyDrive/IEEE/archive/Actor_24/03-01-06-02-02-01-24.wav,fear
./drive/MyDrive/IEEE/archive/Actor_24/03-01-06-01-02-02-24.wav,fear
./drive/MyDrive/IEEE/archive/Actor_24/03-01-02-02-02-02-24.wav,calm
./drive/MyDrive/IEEE/archive/Actor_24/03-01-07-01-01-01-24.wav,disgust
./drive/MyDrive/IEEE/archive/Actor_24/03-01-02-01-02-01-24.wav,calm
./drive/MyDrive/IEEE/archive/Actor_24/03-01-03-02-02-01-24.wav,happy
./drive/MyDrive/IEEE/archive/Actor_24/03-01-06-01-01-01-24.wav,fear
./drive/MyDrive/IEEE/archive/Actor_24/03-01-03-01-02-01-24.wav,happy
./drive/MyDrive/IEEE/archive/Actor_24/03-01-06-01-02-01-24.wav,fear
./drive/MyDrive/IEEE/archive/Actor_24/03-01-04-02-02-01-24.wav,sad
./drive/MyDrive/IEEE/archive/Actor_24/03-01-02-02-01-01-24.wav,calm
./drive/MyDrive/IEEE/archive/Actor_24/03-01-02-01-01-02-24.wav,calm
./drive/MyDrive/IEEE/archive/Actor_24/03-01-04-02-01-01-24.wav,sad
./drive/MyDrive/IEEE/archive/Actor_24/03-01-06-02-02-02-24.wav,fear
./drive/MyDrive/IEEE/archive/Actor_24/03-01-05-02-02-02-24.wav,angry
./drive/MyDrive/IEEE/archive/Actor_24/03-01-02-01-01-01-24.wav,calm
./drive/MyDrive/IEEE/archive/Actor_24/03-01-05-01-02-02-24.wav,angry
./drive/MyDrive/IEEE/archive/Actor_24/03-01-04-02-02-02-24.wav,sad
./drive/MyDrive/IEEE/archive/Actor_24/03-01-04-01-02-02-24.wav,sad
./drive/MyDrive/IEEE/archive/Actor_24/03-01-05-02-01-02-24.wav,angry
./drive/MyDrive/IEEE/archive/Actor_24/03-01-04-01-01-02-24.wav,sad
./drive/MyDrive/IEEE/archive/Actor_24/03-01-07-01-01-02-24.wav,disgust
./drive/MyDrive/IEEE/archive/Actor_24/03-01-06-02-01-01-24.wav,fear
./drive/MyDrive/IEEE/archive/Actor_24/03-01-04-01-02-01-24.wav,sad
./drive/MyDrive/IEEE/archive/Actor_24/03-01-06-01-01-02-24.wav,fear
./drive/MyDrive/IEEE/archive/Actor_24/03-01-02-02-02-01-24.wav,calm
./drive/MyDrive/IEEE/archive/Actor_24/03-01-03-01-01-01-24.wav,happy
./drive/MyDrive/IEEE/archive/Actor_24/03-01-03-02-01-01-24.wav,happy
./drive/MyDrive/IEEE/archive/Actor_24/03-01-01-01-02-02-24.wav,neutral
./drive/MyDrive/IEEE/archive/Actor_24/03-01-02-01-02-02-24.wav,calm
./drive/MyDrive/IEEE/archive/Actor_24/03-01-06-02-01-02-24.wav,fear
./drive/MyDrive/IEEE/archive/Actor_24/03-01-01-01-01-02-24.wav,neutral
./drive/MyDrive/IEEE/archive/Actor_24/03-01-01-01-01-01-24.wav,neutral
./drive/MyDrive/IEEE/archive/Actor_24/03-01-05-02-02-01-24.wav,angry
./drive/MyDrive/IEEE/archive/Actor_24/03-01-03-01-01-02-24.wav,happy
./drive/MyDrive/IEEE/archive/Actor_24/03-01-05-01-01-02-24.wav,angry
./drive/MyDrive/IEEE/archive/Actor_24/03-01-05-01-02-01-24.wav,angry
./drive/MyDrive/IEEE/archive/Actor_24/03-01-05-01-01-01-24.wav,angry
./drive/MyDrive/IEEE/archive/Actor_24/03-01-03-01-02-02-24.wav,happy
./drive/MyDrive/IEEE/archive/Actor_24/03-01-02-02-01-02-24.wav,calm
./drive/MyDrive/IEEE/archive/Actor_24/03-01-05-02-01-01-24.wav,angry
./drive/MyDrive/IEEE/archive/Actor_24/03-01-01-01-02-01-24.wav,neutral
./drive/MyDrive/IEEE/archive/Actor_24/03-01-03-02-02-02-24.wav,happy
./drive/MyDrive/IEEE/archive/Actor_24/03-01-04-02-01-02-24.wav,sad
./drive/MyDrive/IEEE/archive/Actor_24/03-01-07-02-02-01-24.wav,disgust
./drive/MyDrive/IEEE/archive/Actor_24/03-01-07-01-02-02-24.wav,disgust
./drive/MyDrive/IEEE/archive/Actor_24/03-01-07-02-01-02-24.wav,disgust
./drive/MyDrive/IEEE/archive/Actor_24/03-01-08-02-01-01-24.wav,surprised
./drive/MyDrive/IEEE/archive/Actor_24/03-01-08-02-02-02-24.wav,surprised
./drive/MyDrive/IEEE/archive/Actor_24/03-01-07-02-01-01-24.wav,disgust
./drive/MyDrive/IEEE/archive/Actor_24/03-01-08-01-01-01-24.wav,surprised
./drive/MyDrive/IEEE/archive/Actor_24/03-01-08-02-01-02-24.wav,surprised
./drive/MyDrive/IEEE/archive/Actor_24/03-01-08-01-01-02-24.wav,surprised
./drive/MyDrive/IEEE/archive/Actor_24/03-01-07-02-02-02-24.wav,disgust
./drive/MyDrive/IEEE/archive/Actor_24/03-01-08-01-02-02-24.wav,surprised
./drive/MyDrive/IEEE/archive/Actor_24/03-01-08-02-02-01-24.wav,surprised
./drive/MyDrive/IEEE/archive/Actor_24/03-01-07-01-02-01-24.wav,disgust
./drive/MyDrive/IEEE/archive/Actor_24/03-01-08-01-02-01-24.wav,surprised
./drive/MyDrive/IEEE/archive/Actor_15/03-01-03-02-01-02-15.wav,happy
./drive/MyDrive/IEEE/archive/Actor_15/03-01-01-01-02-01-15.wav,neutral
./drive/MyDrive/IEEE/archive/Actor_15/03-01-04-02-02-01-15.wav,sad
./drive/MyDrive/IEEE/archive/Actor_15/03-01-05-02-02-01-15.wav,angry
./drive/MyDrive/IEEE/archive/Actor_15/03-01-02-01-02-02-15.wav,calm
./drive/MyDrive/IEEE/archive/Actor_15/03-01-05-02-01-01-15.wav,angry
./drive/MyDrive/IEEE/archive/Actor_15/03-01-03-02-02-01-15.wav,happy
./drive/MyDrive/IEEE/archive/Actor_15/03-01-04-01-02-01-15.wav,sad
./drive/MyDrive/IEEE/archive/Actor_15/03-01-03-02-01-01-15.wav,happy
./drive/MyDrive/IEEE/archive/Actor_15/03-01-01-01-02-02-15.wav,neutral
./drive/MyDrive/IEEE/archive/Actor_15/03-01-06-02-01-02-15.wav,fear
./drive/MyDrive/IEEE/archive/Actor_15/03-01-06-01-02-02-15.wav,fear
./drive/MyDrive/IEEE/archive/Actor_15/03-01-04-01-02-02-15.wav,sad
./drive/MyDrive/IEEE/archive/Actor_15/03-01-04-02-01-02-15.wav,sad
./drive/MyDrive/IEEE/archive/Actor_15/03-01-06-02-02-02-15.wav,fear
./drive/MyDrive/IEEE/archive/Actor_15/03-01-06-01-01-01-15.wav,fear
./drive/MyDrive/IEEE/archive/Actor_15/03-01-02-01-01-02-15.wav,calm
./drive/MyDrive/IEEE/archive/Actor_15/03-01-03-01-01-02-15.wav,happy
./drive/MyDrive/IEEE/archive/Actor_15/03-01-02-01-01-01-15.wav,calm
./drive/MyDrive/IEEE/archive/Actor_15/03-01-04-01-01-01-15.wav,sad
./drive/MyDrive/IEEE/archive/Actor_15/03-01-03-02-02-02-15.wav,happy
./drive/MyDrive/IEEE/archive/Actor_15/03-01-03-01-02-02-15.wav,happy
./drive/MyDrive/IEEE/archive/Actor_15/03-01-01-01-01-01-15.wav,neutral
./drive/MyDrive/IEEE/archive/Actor_15/03-01-05-02-01-02-15.wav,angry
./drive/MyDrive/IEEE/archive/Actor_15/03-01-02-02-02-02-15.wav,calm
./drive/MyDrive/IEEE/archive/Actor_15/03-01-05-01-02-02-15.wav,angry
./drive/MyDrive/IEEE/archive/Actor_15/03-01-06-02-02-01-15.wav,fear
./drive/MyDrive/IEEE/archive/Actor_15/03-01-05-01-01-01-15.wav,angry
./drive/MyDrive/IEEE/archive/Actor_15/03-01-05-01-02-01-15.wav,angry
./drive/MyDrive/IEEE/archive/Actor_15/03-01-07-01-01-02-15.wav,disgust
./drive/MyDrive/IEEE/archive/Actor_15/03-01-05-02-02-02-15.wav,angry
./drive/MyDrive/IEEE/archive/Actor_15/03-01-07-01-01-01-15.wav,disgust
./drive/MyDrive/IEEE/archive/Actor_15/03-01-06-01-01-02-15.wav,fear
./drive/MyDrive/IEEE/archive/Actor_15/03-01-04-02-02-02-15.wav,sad
./drive/MyDrive/IEEE/archive/Actor_15/03-01-02-01-02-01-15.wav,calm
./drive/MyDrive/IEEE/archive/Actor_15/03-01-03-01-02-01-15.wav,happy
./drive/MyDrive/IEEE/archive/Actor_15/03-01-01-01-01-02-15.wav,neutral
./drive/MyDrive/IEEE/archive/Actor_15/03-01-03-01-01-01-15.wav,happy
./drive/MyDrive/IEEE/archive/Actor_15/03-01-04-02-01-01-15.wav,sad
./drive/MyDrive/IEEE/archive/Actor_15/03-01-02-02-01-01-15.wav,calm
./drive/MyDrive/IEEE/archive/Actor_15/03-01-02-02-02-01-15.wav,calm
./drive/MyDrive/IEEE/archive/Actor_15/03-01-02-02-01-02-15.wav,calm
./drive/MyDrive/IEEE/archive/Actor_15/03-01-05-01-01-02-15.wav,angry
./drive/MyDrive/IEEE/archive/Actor_15/03-01-04-01-01-02-15.wav,sad
./drive/MyDrive/IEEE/archive/Actor_15/03-01-06-01-02-01-15.wav,fear
./drive/MyDrive/IEEE/archive/Actor_15/03-01-06-02-01-01-15.wav,fear
./drive/MyDrive/IEEE/archive/Actor_15/03-01-08-02-02-01-15.wav,surprised
./drive/MyDrive/IEEE/archive/Actor_15/03-01-07-01-02-02-15.wav,disgust
./drive/MyDrive/IEEE/archive/Actor_15/03-01-07-02-02-02-15.wav,disgust
./drive/MyDrive/IEEE/archive/Actor_15/03-01-08-01-01-01-15.wav,surprised
./drive/MyDrive/IEEE/archive/Actor_15/03-01-07-02-01-02-15.wav,disgust
./drive/MyDrive/IEEE/archive/Actor_15/03-01-08-02-01-02-15.wav,surprised
./drive/MyDrive/IEEE/archive/Actor_15/03-01-08-02-02-02-15.wav,surprised
./drive/MyDrive/IEEE/archive/Actor_15/03-01-07-02-02-01-15.wav,disgust
./drive/MyDrive/IEEE/archive/Actor_15/03-01-07-02-01-01-15.wav,disgust
./drive/MyDrive/IEEE/archive/Actor_15/03-01-07-01-02-01-15.wav,disgust
./drive/MyDrive/IEEE/archive/Actor_15/03-01-08-02-01-01-15.wav,surprised
./drive/MyDrive/IEEE/archive/Actor_15/03-01-08-01-02-02-15.wav,surprised
./drive/MyDrive/IEEE/archive/Actor_15/03-01-08-01-01-02-15.wav,surprised
./drive/MyDrive/IEEE/archive/Actor_15/03-01-08-01-02-01-15.wav,surprised
./drive/MyDrive/IEEE/archive/Actor_05/03-01-02-01-02-01-05.wav,calm
./drive/MyDrive/IEEE/archive/Actor_05/03-01-02-01-02-02-05.wav,calm
./drive/MyDrive/IEEE/archive/Actor_05/03-01-03-02-02-01-05.wav,happy
./drive/MyDrive/IEEE/archive/Actor_05/03-01-03-01-01-01-05.wav,happy
./drive/MyDrive/IEEE/archive/Actor_05/03-01-04-02-01-01-05.wav,sad
./drive/MyDrive/IEEE/archive/Actor_05/03-01-03-01-02-01-05.wav,happy
./drive/MyDrive/IEEE/archive/Actor_05/03-01-04-01-01-02-05.wav,sad
./drive/MyDrive/IEEE/archive/Actor_05/03-01-01-01-01-01-05.wav,neutral
./drive/MyDrive/IEEE/archive/Actor_05/03-01-03-02-02-02-05.wav,happy
./drive/MyDrive/IEEE/archive/Actor_05/03-01-03-02-01-02-05.wav,happy
./drive/MyDrive/IEEE/archive/Actor_05/03-01-04-01-02-01-05.wav,sad
./drive/MyDrive/IEEE/archive/Actor_05/03-01-01-01-02-01-05.wav,neutral
./drive/MyDrive/IEEE/archive/Actor_05/03-01-03-01-02-02-05.wav,happy
./drive/MyDrive/IEEE/archive/Actor_05/03-01-03-01-01-02-05.wav,happy
./drive/MyDrive/IEEE/archive/Actor_05/03-01-03-02-01-01-05.wav,happy
./drive/MyDrive/IEEE/archive/Actor_05/03-01-02-01-01-01-05.wav,calm
./drive/MyDrive/IEEE/archive/Actor_05/03-01-01-01-01-02-05.wav,neutral
./drive/MyDrive/IEEE/archive/Actor_05/03-01-04-01-02-02-05.wav,sad
./drive/MyDrive/IEEE/archive/Actor_05/03-01-02-02-02-02-05.wav,calm
./drive/MyDrive/IEEE/archive/Actor_05/03-01-02-02-01-01-05.wav,calm
./drive/MyDrive/IEEE/archive/Actor_05/03-01-04-01-01-01-05.wav,sad
./drive/MyDrive/IEEE/archive/Actor_05/03-01-02-02-02-01-05.wav,calm
./drive/MyDrive/IEEE/archive/Actor_05/03-01-01-01-02-02-05.wav,neutral
./drive/MyDrive/IEEE/archive/Actor_05/03-01-02-01-01-02-05.wav,calm
./drive/MyDrive/IEEE/archive/Actor_05/03-01-02-02-01-02-05.wav,calm
./drive/MyDrive/IEEE/archive/Actor_05/03-01-06-02-02-01-05.wav,fear
./drive/MyDrive/IEEE/archive/Actor_05/03-01-08-01-01-02-05.wav,surprised
./drive/MyDrive/IEEE/archive/Actor_05/03-01-06-01-01-01-05.wav,fear
./drive/MyDrive/IEEE/archive/Actor_05/03-01-05-01-01-01-05.wav,angry
./drive/MyDrive/IEEE/archive/Actor_05/03-01-04-02-02-02-05.wav,sad
./drive/MyDrive/IEEE/archive/Actor_05/03-01-05-02-01-01-05.wav,angry
./drive/MyDrive/IEEE/archive/Actor_05/03-01-06-01-02-02-05.wav,fear
./drive/MyDrive/IEEE/archive/Actor_05/03-01-06-02-01-01-05.wav,fear
./drive/MyDrive/IEEE/archive/Actor_05/03-01-07-02-01-01-05.wav,disgust
./drive/MyDrive/IEEE/archive/Actor_05/03-01-06-02-01-02-05.wav,fear
./drive/MyDrive/IEEE/archive/Actor_05/03-01-07-01-02-02-05.wav,disgust
./drive/MyDrive/IEEE/archive/Actor_05/03-01-05-01-02-01-05.wav,angry
./drive/MyDrive/IEEE/archive/Actor_05/03-01-08-02-01-02-05.wav,surprised
./drive/MyDrive/IEEE/archive/Actor_05/03-01-05-01-01-02-05.wav,angry
./drive/MyDrive/IEEE/archive/Actor_05/03-01-05-02-02-02-05.wav,angry
./drive/MyDrive/IEEE/archive/Actor_05/03-01-08-02-01-01-05.wav,surprised
./drive/MyDrive/IEEE/archive/Actor_05/03-01-07-02-01-02-05.wav,disgust
./drive/MyDrive/IEEE/archive/Actor_05/03-01-07-01-02-01-05.wav,disgust
./drive/MyDrive/IEEE/archive/Actor_05/03-01-08-01-01-01-05.wav,surprised
./drive/MyDrive/IEEE/archive/Actor_05/03-01-07-02-02-02-05.wav,disgust
./drive/MyDrive/IEEE/archive/Actor_05/03-01-06-01-01-02-05.wav,fear
./drive/MyDrive/IEEE/archive/Actor_05/03-01-07-01-01-02-05.wav,disgust
./drive/MyDrive/IEEE/archive/Actor_05/03-01-08-01-02-01-05.wav,surprised
./drive/MyDrive/IEEE/archive/Actor_05/03-01-04-02-02-01-05.wav,sad
./drive/MyDrive/IEEE/archive/Actor_05/03-01-07-02-02-01-05.wav,disgust
./drive/MyDrive/IEEE/archive/Actor_05/03-01-05-01-02-02-05.wav,angry
./drive/MyDrive/IEEE/archive/Actor_05/03-01-05-02-02-01-05.wav,angry
./drive/MyDrive/IEEE/archive/Actor_05/03-01-08-01-02-02-05.wav,surprised
./drive/MyDrive/IEEE/archive/Actor_05/03-01-07-01-01-01-05.wav,disgust
./drive/MyDrive/IEEE/archive/Actor_05/03-01-08-02-02-01-05.wav,surprised
./drive/MyDrive/IEEE/archive/Actor_05/03-01-08-02-02-02-05.wav,surprised
./drive/MyDrive/IEEE/archive/Actor_05/03-01-06-01-02-01-05.wav,fear
./drive/MyDrive/IEEE/archive/Actor_05/03-01-06-02-02-02-05.wav,fear
./drive/MyDrive/IEEE/archive/Actor_05/03-01-05-02-01-02-05.wav,angry
./drive/MyDrive/IEEE/archive/Actor_05/03-01-04-02-01-02-05.wav,sad
